unit_id,sample_date,years_since_install,H2,CH4,C2H6,C2H4,C2H2,load_pct,amb_temp_c,short_circuit_kA_year,days_since_last_intervention
TR-009,2018-01-15,20.0,78.84,61.14,27.9,5.58,0.05,61.9,27.3,1.49,7205
TR-009,2018-04-15,20.25,83.36,115.29,53.03,28.46,2.24,59.9,23.0,0.39,7307
TR-009,2018-07-15,20.5,135.27,50.76,28.03,10.82,0.05,68.3,10.3,4.83,7411
TR-009,2018-10-15,20.75,189.41,83.52,14.81,20.05,10.77,67.4,10.6,0.63,7493
TR-009,2019-01-15,21.0,103.85,179.94,61.07,14.25,0.05,58.2,23.7,2.63,7602
TR-009,2019-04-15,21.25,142.31,73.03,44.63,47.33,0.05,57.1,26.8,2.18,7690
TR-009,2019-07-15,21.5,95.81,74.42,41.84,22.04,24.39,57.1,10.4,6.55,7760
TR-009,2019-10-15,21.75,119.99,91.8,25.36,4.49,0.05,62.0,11.3,0.07,7864
TR-009,2020-01-15,22.0,216.83,97.93,42.3,11.26,0.05,59.4,26.9,1.47,7984
TR-009,2020-04-15,22.25,163.39,47.94,20.55,20.45,2.52,54.3,25.1,1.09,8064
TR-009,2020-07-15,22.5,154.04,104.21,66.6,17.99,0.29,55.6,10.2,9.05,8118
TR-009,2020-10-15,22.75,151.72,66.43,27.39,11.63,0.06,51.8,9.4,2.84,8205
TR-009,2021-01-15,23.0,185.51,90.9,92.11,30.49,1.35,52.6,23.7,0.58,8340
TR-009,2021-04-15,23.25,245.38,93.18,48.2,34.28,0.09,54.0,23.6,2.39,8418
TR-009,2021-07-15,23.5,125.37,53.09,39.42,21.97,12.35,48.0,8.3,0.04,8492
TR-009,2021-10-15,23.75,245.56,140.17,34.62,40.22,0.05,50.1,10.3,0.05,8593
TR-009,2022-01-15,24.0,62.07,66.53,35.43,19.09,0.63,49.6,25.5,3.89,8664
TR-009,2022-04-15,24.25,136.56,118.51,27.47,68.68,0.05,54.2,21.5,0.07,8766
TR-009,2022-07-15,24.5,181.86,118.69,54.1,16.78,0.05,43.3,11.3,7.35,8869
TR-009,2022-10-15,24.75,152.85,92.17,41.17,9.78,0.9,47.2,9.6,1.68,8937
TR-009,2023-01-15,25.0,204.91,82.66,19.07,16.83,0.13,49.8,28.1,1.82,9028
TR-009,2023-04-15,25.25,201.85,137.53,59.87,7.13,6.07,56.3,21.5,11.22,9145
TR-009,2023-07-15,25.5,317.86,88.97,26.46,23.38,0.46,46.6,9.0,1.01,9245
TR-009,2023-10-15,25.75,76.7,135.0,66.29,27.69,0.17,51.6,11.9,1.18,9309
TR-009,2024-01-15,26.0,131.03,73.1,20.91,89.31,0.65,47.8,22.2,2.21,9424
TR-010,2018-01-15,19.0,103.86,27.7,51.67,24.83,0.54,61.1,24.9,5.43,6915
TR-010,2018-04-15,19.333333333333258,108.28,108.53,19.44,25.71,0.05,60.0,17.4,2.62,7023
TR-010,2018-08-15,19.666666666666515,131.04,58.83,39.0,22.23,1.62,63.1,8.3,14.88,7158
TR-010,2018-12-15,19.999999999999773,174.19,136.64,57.86,19.04,1.67,57.6,26.8,1.99,7254
TR-010,2019-04-15,20.33333333333303,79.75,89.81,23.65,19.07,0.05,62.0,16.3,1.02,7368
TR-010,2019-08-15,20.666666666666288,182.12,72.67,49.63,9.68,4.47,57.0,7.7,0.36,7518
TR-010,2019-12-15,20.999999999999545,186.85,85.66,51.99,26.96,10.18,68.0,22.7,6.59,7606
TR-010,2020-04-15,21.333333333332803,147.35,106.75,57.52,16.14,0.64,54.1,18.6,0.72,7721
TR-010,2020-08-15,21.66666666666606,51.79,78.18,28.17,32.48,0.05,56.8,10.1,1.37,7883
TR-010,2020-12-15,21.999999999999318,116.63,44.62,45.59,16.16,0.11,59.4,26.5,0.14,7997
TR-010,2021-04-15,22.333333333332575,141.93,43.7,22.72,20.36,0.75,53.5,17.9,2.82,8111
TR-010,2021-08-15,22.666666666665833,92.95,66.42,47.33,21.96,4.9,56.9,6.8,0.96,8244
TR-010,2021-12-15,22.99999999999909,192.97,101.33,34.09,27.55,9.73,55.6,24.7,4.05,8361
TR-010,2022-04-15,23.333333333332348,270.3,22.69,44.55,42.84,12.84,50.3,18.8,0.26,8473
TR-010,2022-08-15,23.666666666665606,149.2,84.71,37.95,34.86,0.99,46.2,7.8,10.54,8603
TR-010,2022-12-15,23.999999999998863,118.67,181.29,43.91,10.68,0.05,45.4,26.4,1.04,8698
TR-010,2023-04-15,24.33333333333212,122.99,46.1,12.9,10.79,0.15,47.2,18.9,0.23,8808
TR-010,2023-08-15,24.666666666665378,174.26,106.35,15.22,18.0,10.09,53.8,8.4,0.58,8930
TR-010,2023-12-15,24.999999999998636,186.1,136.06,59.02,21.79,0.05,44.0,27.0,0.7,9099
TR-011,2018-01-15,7.0,180.58,57.8,21.77,122.49,31.01,56.7,26.5,1.94,2282
TR-011,2018-04-15,7.3333333333332575,195.95,56.88,15.23,86.75,57.68,54.5,18.4,5.19,2389
TR-011,2018-08-15,7.666666666666515,115.6,97.8,45.46,134.02,94.39,57.6,7.1,5.78,2485
TR-011,2018-12-15,7.999999999999773,219.54,59.32,16.19,56.11,19.93,56.8,24.8,8.05,2623
TR-011,2019-04-15,8.33333333333303,178.94,91.95,25.74,144.27,83.19,53.1,17.0,0.74,2771
TR-011,2019-08-15,8.666666666666288,126.87,109.45,6.11,86.73,47.72,55.3,8.5,6.85,2861
TR-012,2018-01-15,9.0,73.93,28.68,31.35,34.59,8.6,57.9,26.4,6.0,2188
TR-012,2018-04-15,9.333333333333258,70.65,38.85,22.17,9.93,0.05,56.2,20.1,1.32,2344
TR-012,2018-08-15,9.666666666666515,75.56,42.92,5.56,21.64,0.05,56.4,9.6,0.62,2438
TR-012,2018-12-15,9.999999999999773,54.21,40.21,15.55,4.46,0.46,54.0,24.3,2.62,2550
TR-012,2019-04-15,10.33333333333303,65.94,55.09,59.06,12.26,0.05,58.3,16.0,3.75,2681
TR-012,2019-08-15,10.666666666666288,81.28,54.97,40.2,15.45,0.76,67.1,6.7,1.47,2828
TR-012,2019-12-15,10.999999999999545,89.21,33.27,10.06,17.64,0.23,60.0,24.3,0.2,2936
TR-012,2020-04-15,11.333333333332803,85.83,89.14,10.45,12.7,0.19,61.6,17.4,0.41,3075
TR-012,2020-08-15,11.66666666666606,61.96,27.22,27.52,11.03,36.07,68.3,8.4,0.2,3172
TR-012,2020-12-15,11.999999999999318,109.65,57.31,9.86,5.24,0.57,64.0,23.8,3.5,3291
TR-012,2021-04-15,12.333333333332575,109.4,66.95,25.35,19.84,3.84,65.7,16.7,2.13,3391
TR-012,2021-08-15,12.666666666665833,32.89,70.36,17.88,12.83,0.05,61.9,10.7,0.24,3514
TR-012,2021-12-15,12.99999999999909,193.66,86.06,46.26,32.27,0.05,61.6,28.2,1.98,3650
TR-012,2022-04-15,13.333333333332348,101.69,52.43,20.04,17.79,0.05,53.4,17.9,3.17,3795
TR-012,2022-08-15,13.666666666665606,70.87,43.29,17.3,17.55,0.05,51.8,8.2,4.83,3913
TR-012,2022-12-15,13.999999999998863,113.62,52.13,33.04,14.37,0.65,56.9,28.5,0.15,4039
TR-012,2023-04-15,14.33333333333212,54.04,32.41,31.39,13.47,0.25,48.5,19.2,1.24,4160
TR-012,2023-08-15,14.666666666665378,140.74,69.78,27.16,2.79,0.43,53.0,5.5,3.47,4278
TR-012,2023-12-15,14.999999999998636,75.36,41.44,19.57,15.42,1.71,51.2,25.5,1.83,4389
TR-013,2018-01-15,9.0,77.0,537.4,117.2,131.39,1.24,65.0,25.7,2.36,2494
TR-013,2018-07-15,9.5,62.74,273.5,104.89,115.12,1.71,64.9,7.0,2.08,2668
TR-013,2019-01-15,10.0,100.16,297.2,128.07,31.04,0.05,66.3,24.4,6.65,2833
TR-013,2019-07-15,10.5,84.88,375.28,164.48,58.81,1.78,66.6,7.3,0.06,3038
TR-013,2020-01-15,11.0,146.32,453.6,91.82,90.51,25.21,70.2,24.6,0.46,3239
TR-013,2020-07-15,11.5,135.65,310.94,172.2,91.42,3.63,68.5,8.4,3.16,3425
TR-013,2021-01-15,12.0,17.74,314.46,89.98,22.69,0.17,73.3,23.8,4.5,3572
TR-013,2021-07-15,12.5,129.73,524.13,163.22,112.99,24.92,69.9,10.6,2.36,3773
TR-013,2022-01-15,13.0,50.25,354.78,66.25,196.87,0.05,64.3,25.3,2.41,3917
TR-013,2022-07-15,13.5,70.41,279.29,196.03,86.9,0.08,63.9,8.7,0.7,4115
TR-013,2023-01-15,14.0,188.37,150.37,309.13,131.97,34.33,60.8,25.7,1.21,4321
TR-013,2023-07-15,14.5,89.34,493.53,125.01,214.74,0.22,48.7,7.7,0.0,4511
TR-013,2024-01-15,15.0,78.73,393.58,202.94,86.73,0.05,54.7,25.8,0.25,4662
TR-014,2018-01-15,4.0,35.56,96.98,38.23,122.66,3.6,64.5,26.6,1.29,928
TR-014,2018-07-15,4.5,36.52,142.98,17.92,51.28,0.05,58.0,8.3,2.11,1087
TR-014,2019-01-15,5.0,12.24,148.84,49.55,109.93,3.86,52.5,25.4,0.06,1290
TR-014,2019-07-15,5.5,33.32,168.2,34.48,217.22,0.05,58.5,9.8,0.26,1433
TR-014,2020-01-15,6.0,17.7,130.39,113.76,118.27,3.89,54.2,25.6,1.85,1621
TR-014,2020-07-15,6.5,14.37,165.36,17.28,94.89,1.51,47.9,11.3,2.24,1813
TR-014,2021-01-15,7.0,63.88,170.05,33.94,150.01,0.42,52.5,23.1,1.23,2035
TR-014,2021-07-15,7.5,19.6,105.72,95.98,166.17,0.14,53.3,6.7,5.04,2204
TR-014,2022-01-15,8.0,13.51,203.15,46.43,172.08,1.05,54.7,26.0,0.52,2375
TR-014,2022-07-15,8.5,21.12,235.53,15.65,154.03,3.37,46.8,11.9,2.02,2576
TR-014,2023-01-15,9.0,77.15,131.05,75.35,82.19,10.16,63.8,23.7,4.49,2732
TR-014,2023-07-15,9.5,108.64,225.64,103.53,142.31,0.05,67.5,10.0,0.87,2941
TR-014,2024-01-15,10.0,18.27,271.44,95.53,351.26,14.75,66.8,26.9,3.77,3104
TR-015,2018-01-15,12.0,62.6,101.78,49.96,20.99,2.38,63.8,24.2,1.75,3589
TR-015,2018-04-15,12.333333333333258,137.24,25.89,38.28,27.86,3.7,59.2,17.4,2.19,3726
TR-015,2018-08-15,12.666666666666515,105.44,51.9,22.93,8.74,1.91,58.4,10.6,3.97,3833
TR-015,2018-12-15,12.999999999999773,85.6,69.83,24.79,4.35,0.05,54.9,24.3,0.41,3957
TR-015,2019-04-15,13.33333333333303,200.75,61.93,28.13,4.75,0.84,58.1,19.7,0.44,4099
TR-015,2019-08-15,13.666666666666288,116.81,50.59,44.91,3.77,0.05,54.3,5.7,0.15,4202
TR-015,2019-12-15,13.999999999999545,98.4,60.28,60.37,30.61,3.16,53.4,26.9,1.88,4303
TR-015,2020-04-15,14.333333333332803,65.94,66.12,17.94,12.23,0.18,53.3,16.7,1.92,4462
TR-015,2020-08-15,14.66666666666606,75.42,43.48,65.55,13.35,0.05,50.2,8.3,2.68,4591
TR-015,2020-12-15,14.999999999999318,102.04,35.3,33.85,8.99,1.02,49.3,21.4,0.58,4689
TR-015,2021-04-15,15.333333333332575,79.72,168.86,32.61,13.32,0.4,52.7,18.7,0.45,4791
TR-015,2021-08-15,15.666666666665833,33.42,80.64,28.3,12.86,5.12,49.3,9.3,0.23,4931
TR-015,2021-12-15,15.99999999999909,131.86,87.64,33.97,21.91,0.35,49.4,24.4,1.47,5069
TR-015,2022-04-15,16.333333333332348,74.65,75.89,12.94,17.18,0.05,48.2,20.7,0.35,5163
TR-015,2022-08-15,16.666666666665606,108.89,24.76,32.57,20.72,0.33,46.4,10.1,0.46,5314
TR-015,2022-12-15,16.999999999998863,66.01,88.92,45.29,17.85,3.56,48.9,25.0,3.15,5399
TR-015,2023-04-15,17.33333333333212,91.48,24.17,8.33,8.91,0.5,58.7,17.4,0.03,5560
TR-015,2023-08-15,17.666666666665378,72.52,84.33,21.24,11.61,3.17,49.1,6.8,0.86,5685
TR-015,2023-12-15,17.999999999998636,78.92,106.48,16.16,12.56,0.31,63.7,27.1,2.84,5773
TR-016,2018-01-15,2.0,140.91,25.96,8.85,67.96,27.24,63.9,25.6,4.58,297
TR-016,2018-04-15,2.3333333333332575,76.07,63.15,18.73,50.83,50.96,64.9,19.1,4.52,453
TR-016,2018-08-15,2.666666666666515,59.7,89.81,2.2,76.67,25.7,70.1,8.6,2.8,546
TR-016,2018-12-15,2.9999999999997726,110.57,86.63,0.85,107.35,53.53,63.8,24.7,0.11,651
TR-016,2019-04-15,3.33333333333303,123.72,74.04,33.7,94.44,3.54,64.1,17.8,5.09,776
TR-016,2019-08-15,3.6666666666662877,128.38,31.92,0.61,30.62,25.33,65.1,6.9,5.62,913
TR-016,2019-12-15,3.9999999999995453,133.17,87.82,13.04,74.47,24.99,63.0,23.2,3.03,1052
TR-016,2020-04-15,4.333333333332803,117.46,59.81,2.73,70.04,32.72,57.3,19.0,9.94,1176
TR-016,2020-08-15,4.66666666666606,206.12,84.81,11.52,96.4,48.55,62.9,8.3,1.83,1285
TR-016,2020-12-15,4.999999999999318,141.61,39.76,0.08,71.15,21.08,53.3,26.0,0.79,1426
TR-016,2021-04-15,5.333333333332575,111.42,30.62,13.54,108.72,71.58,52.3,18.0,6.28,1530
TR-016,2021-08-15,5.666666666665833,131.0,55.36,11.16,131.59,128.75,56.6,7.2,9.82,1652
TR-017,2018-01-15,16.0,84.52,44.59,27.2,19.82,2.88,53.7,24.2,0.49,5208
TR-017,2018-04-15,16.25,186.93,74.88,29.26,6.47,0.05,57.5,26.3,1.78,5312
TR-017,2018-07-15,16.5,48.54,71.53,31.18,58.63,0.05,49.2,11.3,0.34,5397
TR-017,2018-10-15,16.75,80.7,73.99,17.5,13.53,0.05,50.3,9.8,0.65,5497
TR-017,2019-01-15,17.0,156.61,71.33,41.59,20.17,1.81,52.0,24.8,0.14,5591
TR-017,2019-04-15,17.25,61.03,25.94,25.26,9.96,7.08,49.0,19.8,2.27,5695
TR-017,2019-07-15,17.5,123.78,41.85,50.15,60.71,0.05,53.4,8.8,1.39,5754
TR-017,2019-10-15,17.75,137.61,143.4,55.4,10.76,3.96,49.7,9.5,0.23,5845
TR-017,2020-01-15,18.0,151.18,69.17,30.73,20.84,0.37,55.1,25.9,3.44,5973
TR-017,2020-04-15,18.25,159.1,54.97,57.51,15.77,0.05,60.6,23.4,0.5,6047
TR-017,2020-07-15,18.5,173.82,91.11,29.86,1.38,0.53,56.3,9.6,1.3,6102
TR-017,2020-10-15,18.75,143.44,127.19,22.46,13.19,2.96,57.1,11.5,1.09,6204
TR-017,2021-01-15,19.0,83.77,99.91,34.22,28.62,0.05,57.3,27.5,1.52,6317
TR-017,2021-04-15,19.25,125.34,116.43,22.86,47.19,0.05,62.7,22.5,5.45,6402
TR-017,2021-07-15,19.5,111.63,63.01,61.18,20.6,0.1,60.1,6.6,1.59,6483
TR-017,2021-10-15,19.75,135.11,74.07,59.17,9.47,1.39,59.8,12.4,9.28,6609
TR-017,2022-01-15,20.0,194.3,125.34,63.08,42.7,0.13,65.2,23.5,3.27,6702
TR-017,2022-04-15,20.25,128.18,102.8,44.23,11.06,0.24,62.3,22.9,3.1,6791
TR-017,2022-07-15,20.5,84.88,114.59,61.5,29.6,0.73,66.6,8.4,0.19,6855
TR-017,2022-10-15,20.75,188.61,161.81,61.57,14.91,22.08,60.6,10.1,0.9,6926
TR-017,2023-01-15,21.0,134.12,156.26,44.82,0.52,0.16,64.9,23.7,0.09,7018
TR-017,2023-04-15,21.25,99.82,91.53,39.72,26.97,5.6,53.6,21.7,1.66,7142
TR-017,2023-07-15,21.5,138.02,98.51,26.9,15.48,1.25,57.0,9.9,0.78,7230
TR-017,2023-10-15,21.75,100.78,87.23,64.47,4.98,0.35,54.4,14.0,1.59,7307
TR-017,2024-01-15,22.0,95.7,124.0,38.81,35.62,0.05,61.7,26.4,1.91,7390
TR-018,2018-01-15,18.0,115.82,314.27,36.6,130.05,4.13,53.2,25.1,4.49,6073
TR-018,2018-07-15,18.5,206.82,468.34,331.56,62.96,0.05,64.9,8.9,1.52,6221
TR-018,2019-01-15,19.0,220.56,398.06,256.54,34.25,0.21,66.8,24.8,2.24,6410
TR-018,2019-07-15,19.5,339.82,469.99,249.34,145.62,11.26,68.9,10.6,0.08,6625
TR-018,2020-01-15,20.0,171.22,504.69,167.63,150.19,0.33,69.1,26.1,2.64,6799
TR-018,2020-07-15,20.5,53.56,428.56,197.23,189.74,9.41,60.4,5.8,1.02,6999
TR-018,2021-01-15,21.0,144.67,579.92,235.29,220.12,6.89,64.4,24.3,2.25,7166
TR-018,2021-07-15,21.5,223.15,693.84,215.88,351.17,51.71,58.5,9.7,3.53,7343
TR-018,2022-01-15,22.0,78.71,675.58,280.25,168.31,59.76,65.5,27.0,0.84,7518
TR-018,2022-07-15,22.5,118.98,522.79,352.28,148.35,3.03,55.2,10.8,2.0,7716
TR-018,2023-01-15,23.0,154.13,505.54,521.48,161.47,0.05,63.7,22.9,0.02,7866
TR-018,2023-07-15,23.5,85.84,525.86,69.02,110.84,7.13,57.9,9.2,2.07,8099
TR-018,2024-01-15,24.0,154.46,1100.5,385.31,113.83,0.05,53.3,24.5,2.9,8263
TR-019,2018-01-15,12.0,87.39,60.72,43.96,7.06,0.05,63.9,28.6,2.69,3619
TR-019,2018-07-15,12.5,85.83,14.83,7.8,13.61,0.06,57.3,9.1,2.0,3825
TR-019,2019-01-15,13.0,55.54,75.09,42.21,28.15,0.05,64.2,25.0,3.03,3967
TR-019,2019-07-15,13.5,80.18,41.92,29.78,7.31,1.41,54.0,9.4,0.19,4166
TR-019,2020-01-15,14.0,65.46,72.12,19.49,7.66,0.31,50.8,27.4,4.88,4386
TR-019,2020-07-15,14.5,51.5,58.84,6.67,14.52,0.05,43.3,11.1,3.98,4538
TR-019,2021-01-15,15.0,62.67,64.25,27.71,18.9,0.05,48.5,23.9,0.3,4716
TR-019,2021-07-15,15.5,162.29,100.41,57.43,12.68,1.56,45.3,7.6,0.11,4887
TR-019,2022-01-15,16.0,57.92,56.2,32.36,17.68,4.73,53.8,22.8,0.13,5073
TR-019,2022-07-15,16.5,86.35,54.64,26.75,11.93,3.63,43.6,10.0,0.56,5283
TR-019,2023-01-15,17.0,97.37,102.97,14.5,19.68,1.34,52.8,25.2,1.29,5469
TR-019,2023-07-15,17.5,89.19,58.22,27.16,26.24,0.05,48.6,11.0,4.23,5637
TR-019,2024-01-15,18.0,95.65,46.4,13.2,10.07,6.23,52.4,24.9,0.07,5816
TR-020,2018-01-15,8.0,28.96,45.65,66.45,18.24,1.27,48.1,26.1,0.0,2602
TR-020,2018-04-15,8.333333333333258,73.59,22.09,10.49,18.46,0.05,55.1,19.9,0.83,2728
TR-020,2018-08-15,8.666666666666515,60.89,24.0,4.51,11.99,0.07,54.5,7.7,0.26,2794
TR-020,2018-12-15,8.999999999999773,68.48,68.55,28.04,8.39,0.05,61.9,23.8,0.15,2956
TR-020,2019-04-15,9.33333333333303,84.36,75.83,19.17,63.85,0.31,57.3,21.8,4.21,3061
TR-020,2019-08-15,9.666666666666288,72.27,38.17,36.07,6.62,0.05,54.9,7.3,0.39,3163
TR-020,2019-12-15,9.999999999999545,69.13,46.56,43.71,9.95,7.01,61.2,27.0,2.23,3335
TR-020,2020-04-15,10.333333333332803,90.25,67.84,21.21,16.16,0.05,62.4,17.6,2.3,3452
TR-020,2020-08-15,10.66666666666606,55.12,46.35,47.77,16.89,0.09,69.9,10.3,2.51,3567
TR-020,2020-12-15,10.999999999999318,111.91,51.83,20.37,31.17,0.15,62.2,25.0,1.34,3643
TR-020,2021-04-15,11.333333333332575,144.24,63.7,64.11,15.38,0.74,62.5,17.2,2.24,3776
TR-020,2021-08-15,11.666666666665833,116.79,79.31,10.75,5.35,2.12,58.9,7.9,1.93,3905
TR-020,2021-12-15,11.99999999999909,133.45,80.28,9.03,36.91,0.47,66.8,23.1,0.14,4028
TR-020,2022-04-15,12.333333333332348,102.44,65.77,16.69,26.93,3.77,62.4,19.1,2.44,4186
TR-020,2022-08-15,12.666666666665606,68.15,58.98,91.21,4.69,0.05,59.5,8.1,1.79,4301
TR-020,2022-12-15,12.999999999998863,75.16,51.12,16.47,15.39,0.09,57.9,22.8,2.58,4424
TR-020,2023-04-15,13.33333333333212,134.51,63.3,50.7,24.14,0.06,53.8,19.0,0.43,4518
TR-020,2023-08-15,13.666666666665378,74.02,65.84,41.09,12.71,0.05,51.6,9.2,0.53,4664
TR-020,2023-12-15,13.999999999998636,111.84,53.37,40.59,54.1,2.48,55.8,28.4,0.57,4774
TR-023,2018-01-15,5.0,30.63,22.64,7.6,11.08,0.05,45.7,23.6,4.79,1666
TR-023,2018-07-15,5.5,26.88,11.03,9.4,2.9,0.05,51.4,9.6,0.77,1875
TR-023,2019-01-15,6.0,34.76,24.63,34.64,16.09,2.05,36.5,26.1,0.13,2056
TR-023,2019-07-15,6.5,39.3,23.45,8.75,10.75,0.05,45.9,12.8,0.29,2246
TR-023,2020-01-15,7.0,70.11,42.63,25.89,16.94,3.83,51.4,26.7,0.08,2437
TR-023,2020-07-15,7.5,46.48,38.52,10.5,6.57,0.05,50.6,9.5,0.5,2601
TR-023,2021-01-15,8.0,76.39,38.55,16.9,15.73,2.34,44.7,24.9,2.47,2746
TR-023,2021-07-15,8.5,58.88,45.67,7.34,17.21,2.99,52.1,11.2,5.81,2971
TR-023,2022-01-15,9.0,60.71,43.8,15.56,10.62,1.24,58.6,24.7,6.8,3155
TR-023,2022-07-15,9.5,64.5,49.03,5.55,6.56,0.05,57.6,8.7,0.22,3320
TR-023,2023-01-15,10.0,49.07,74.63,36.2,9.2,11.99,62.6,26.7,1.75,3518
TR-023,2023-07-15,10.5,70.04,54.24,14.73,14.23,0.49,59.8,7.8,0.25,3696
TR-023,2024-01-15,11.0,68.86,74.05,23.9,31.95,0.05,69.3,24.4,1.81,3846
TR-024,2018-01-15,2.0,27.7,15.3,12.74,4.88,1.74,59.0,26.1,0.91,305
TR-024,2018-04-15,2.25,19.3,20.35,12.13,16.48,0.07,56.0,21.8,0.39,350
TR-024,2018-07-15,2.5,23.12,28.68,5.94,3.03,2.45,64.2,12.3,0.11,491
TR-024,2018-10-15,2.75,35.67,14.65,2.59,4.75,0.05,62.1,11.1,2.89,550
TR-024,2019-01-15,3.0,26.92,20.16,12.34,7.11,0.43,62.5,25.4,1.97,671
TR-024,2019-04-15,3.25,29.02,13.75,3.14,6.36,0.33,59.0,20.3,0.04,739
TR-024,2019-07-15,3.5,21.44,28.86,14.41,16.11,0.05,63.2,8.8,2.05,827
TR-024,2019-10-15,3.75,52.23,18.59,5.52,0.65,0.05,64.0,12.8,2.67,916
TR-024,2020-01-15,4.0,22.1,18.81,7.88,8.27,0.05,54.2,25.2,2.83,1001
TR-024,2020-04-15,4.25,55.31,18.91,8.37,8.87,0.05,57.5,23.9,2.34,1092
TR-024,2020-07-15,4.5,31.45,17.34,5.94,3.05,2.31,57.5,9.6,0.67,1178
TR-024,2020-10-15,4.75,39.62,17.33,8.49,12.07,0.05,50.9,11.8,1.71,1284
TR-024,2021-01-15,5.0,38.98,25.65,7.08,9.11,0.05,47.4,26.7,0.42,1364
TR-024,2021-04-15,5.25,32.49,14.66,11.87,5.69,0.05,47.3,22.5,1.43,1464
TR-024,2021-07-15,5.5,53.59,26.11,12.77,3.39,0.05,42.9,6.0,0.74,1577
TR-024,2021-10-15,5.75,50.37,24.99,24.21,3.42,1.2,52.3,10.9,0.09,1667
TR-024,2022-01-15,6.0,47.58,22.35,13.1,16.5,0.05,51.3,24.2,0.95,1764
TR-024,2022-04-15,6.25,38.37,29.38,14.61,9.99,0.11,45.6,21.3,2.03,1822
TR-024,2022-07-15,6.5,40.81,14.36,14.29,2.93,0.05,52.3,8.3,0.85,1920
TR-024,2022-10-15,6.75,49.87,15.11,14.87,5.72,2.45,53.6,10.2,1.17,2021
TR-024,2023-01-15,7.0,58.61,25.35,30.0,13.39,0.05,51.9,20.7,0.28,2124
TR-024,2023-04-15,7.25,60.39,16.8,8.02,3.28,0.05,46.3,21.5,0.21,2217
TR-024,2023-07-15,7.5,37.64,17.33,14.84,1.8,2.0,54.8,8.6,7.21,2288
TR-024,2023-10-15,7.75,72.58,52.01,14.59,3.03,2.04,43.9,9.3,0.01,2392
TR-024,2024-01-15,8.0,85.37,33.93,34.37,14.52,0.4,53.8,26.9,0.84,2490
TR-025,2018-01-15,5.0,49.52,23.23,13.87,16.69,0.71,52.0,26.4,2.2,825
TR-025,2018-07-15,5.5,35.39,28.29,9.45,11.96,0.69,37.4,9.1,2.8,1011
TR-025,2019-01-15,6.0,55.66,48.46,16.01,14.54,0.13,46.5,24.4,1.08,1216
TR-025,2019-07-15,6.5,47.66,32.19,19.44,8.2,0.15,47.4,7.9,1.77,1373
TR-025,2020-01-15,7.0,50.86,21.19,35.17,8.03,0.05,45.9,24.9,0.6,1593
TR-025,2020-07-15,7.5,28.12,55.48,21.58,0.18,1.45,42.9,8.5,0.66,1756
TR-025,2021-01-15,8.0,60.6,27.33,24.0,7.24,3.0,48.3,22.2,0.33,1950
TR-025,2021-07-15,8.5,50.47,40.24,46.58,10.22,0.05,52.1,8.4,10.1,2103
TR-025,2022-01-15,9.0,92.35,48.91,10.27,3.26,0.05,63.5,24.3,3.62,2283
TR-025,2022-07-15,9.5,36.01,32.38,15.19,7.45,0.05,58.1,10.4,0.61,2500
TR-025,2023-01-15,10.0,75.08,69.54,31.42,27.13,6.28,53.3,24.3,1.73,2678
TR-025,2023-07-15,10.5,40.21,37.65,18.43,37.68,0.29,62.5,7.6,4.45,2814
TR-025,2024-01-15,11.0,97.19,43.61,44.25,44.53,0.05,52.3,28.4,2.12,3030
TR-026,2018-01-15,15.0,74.71,79.23,16.45,9.18,0.15,51.2,24.5,4.26,4417
TR-026,2018-04-15,15.333333333333258,41.13,66.09,15.0,31.17,0.3,52.5,16.4,0.43,4577
TR-026,2018-08-15,15.666666666666515,60.03,56.31,38.72,27.92,4.66,44.8,5.5,0.2,4704
TR-026,2018-12-15,15.999999999999773,48.49,124.5,30.83,10.47,0.42,49.2,26.3,6.91,4775
TR-026,2019-04-15,16.33333333333303,128.89,115.92,73.0,23.39,5.65,49.5,16.2,2.26,4934
TR-026,2019-08-15,16.666666666666288,94.53,71.09,21.83,23.88,0.13,48.8,4.8,1.16,5028
TR-026,2019-12-15,16.999999999999545,80.02,84.27,27.28,6.06,0.05,47.4,26.4,4.37,5160
TR-026,2020-04-15,17.333333333332803,109.69,104.53,26.06,7.68,0.23,51.5,15.4,0.04,5287
TR-026,2020-08-15,17.66666666666606,66.86,39.42,37.98,47.21,1.12,61.0,7.7,3.82,5422
TR-026,2020-12-15,17.999999999999318,89.83,38.33,28.61,17.82,0.05,57.8,25.0,6.01,5500
TR-026,2021-04-15,18.333333333332575,92.29,71.57,33.07,48.45,2.65,53.4,18.3,3.86,5631
TR-026,2021-08-15,18.666666666665833,120.75,80.06,39.27,15.67,2.12,59.8,8.5,2.66,5741
TR-026,2021-12-15,18.99999999999909,133.66,33.46,57.09,42.98,3.63,60.4,23.3,1.17,5897
TR-026,2022-04-15,19.333333333332348,182.98,87.19,62.07,59.19,4.06,61.3,18.1,2.13,5988
TR-026,2022-08-15,19.666666666665606,130.3,58.2,39.98,23.06,1.69,61.7,8.7,1.21,6148
TR-026,2022-12-15,19.999999999998863,96.6,124.6,32.85,8.84,1.44,60.4,26.0,0.18,6276
TR-026,2023-04-15,20.33333333333212,157.17,199.2,47.6,43.12,4.6,59.1,16.9,0.3,6358
TR-026,2023-08-15,20.666666666665378,79.38,58.89,54.15,3.73,0.34,57.2,7.4,1.15,6503
TR-026,2023-12-15,20.999999999998636,141.34,128.97,57.47,16.86,0.92,65.2,26.4,0.09,6633
TR-027,2018-01-15,6.0,50.04,11.89,6.31,4.31,1.35,44.1,23.6,1.32,1722
TR-027,2018-04-15,6.3333333333332575,50.17,23.91,12.99,17.8,0.06,41.7,18.5,1.07,1849
TR-027,2018-08-15,6.666666666666515,30.91,24.68,19.48,4.73,0.05,48.8,6.5,2.47,1981
TR-027,2018-12-15,6.999999999999773,51.42,20.87,15.83,6.05,2.65,51.1,23.9,0.36,2087
TR-027,2019-04-15,7.33333333333303,97.42,68.86,15.53,1.81,0.05,43.5,18.4,1.11,2207
TR-027,2019-08-15,7.666666666666288,58.56,20.72,14.16,30.91,0.05,54.4,6.8,0.23,2321
TR-027,2019-12-15,7.999999999999545,78.56,41.23,12.29,18.92,0.06,52.1,25.9,5.38,2454
TR-027,2020-04-15,8.333333333332803,44.97,11.9,7.02,6.93,0.05,49.7,16.0,1.83,2590
TR-027,2020-08-15,8.66666666666606,40.55,33.45,7.34,19.23,6.84,59.8,7.1,0.82,2697
TR-027,2020-12-15,8.999999999999318,41.7,15.59,16.46,7.34,0.05,55.6,24.8,4.53,2834
TR-027,2021-04-15,9.333333333332575,91.61,39.35,18.64,9.83,0.1,52.0,20.3,2.81,2944
TR-027,2021-08-15,9.666666666665833,61.67,78.67,25.62,20.12,0.05,62.9,7.8,0.76,3054
TR-027,2021-12-15,9.99999999999909,41.35,72.18,12.4,5.05,0.63,61.5,26.3,1.07,3188
TR-027,2022-04-15,10.333333333332348,64.13,68.95,19.54,11.49,1.47,60.7,19.1,3.6,3292
TR-027,2022-08-15,10.666666666665606,61.78,34.75,8.1,14.64,2.67,58.7,10.2,0.85,3458
TR-027,2022-12-15,10.999999999998863,45.18,82.72,44.72,32.0,8.85,59.5,23.2,1.76,3534
TR-027,2023-04-15,11.33333333333212,66.47,31.05,8.73,0.74,0.18,58.2,17.6,0.64,3673
TR-027,2023-08-15,11.666666666665378,44.2,78.49,32.71,22.09,0.29,58.7,4.9,1.95,3832
TR-027,2023-12-15,11.999999999998636,87.05,56.09,12.74,30.06,0.05,58.9,27.5,1.2,3931
TR-029,2018-01-15,8.0,28.74,244.44,60.94,137.68,30.36,59.5,25.1,3.26,2736
TR-029,2018-04-15,8.25,155.48,126.68,105.04,173.86,0.17,55.8,24.2,2.14,2785
TR-029,2018-07-15,8.5,19.97,63.35,36.29,103.77,0.05,54.7,10.4,2.67,2907
TR-029,2018-10-15,8.75,39.43,185.62,102.97,270.7,0.05,57.6,12.2,0.52,3009
TR-029,2019-01-15,9.0,54.14,296.98,49.87,134.79,0.05,64.7,25.6,0.17,3072
TR-029,2019-04-15,9.25,45.55,170.98,115.31,180.58,10.6,63.3,22.6,1.17,3150
TR-029,2019-07-15,9.5,61.56,289.91,21.68,159.67,0.05,65.4,8.3,3.84,3241
TR-029,2019-10-15,9.75,26.01,179.6,86.53,274.52,25.73,72.0,12.5,0.27,3319
TR-029,2020-01-15,10.0,19.87,186.34,111.03,110.02,1.48,66.7,25.0,0.91,3410
TR-029,2020-04-15,10.25,73.74,176.39,73.95,129.96,0.05,70.4,22.3,0.53,3525
TR-029,2020-07-15,10.5,53.43,455.9,30.35,80.04,0.34,64.5,9.9,1.01,3637
TR-029,2020-10-15,10.75,31.14,458.52,82.08,217.4,2.9,72.5,12.7,0.53,3696
TR-029,2021-01-15,11.0,124.89,240.89,189.22,129.44,1.76,69.1,23.9,1.13,3824
TR-029,2021-04-15,11.25,227.77,395.42,285.71,320.43,0.81,64.9,23.4,1.27,3880
TR-029,2021-07-15,11.5,8.92,315.05,217.51,424.54,0.05,65.3,7.5,1.07,3986
TR-029,2021-10-15,11.75,135.64,154.19,114.04,80.8,3.58,65.9,11.4,0.29,4097
TR-029,2022-01-15,12.0,76.61,421.29,150.84,328.72,0.3,73.4,25.6,0.08,4152
TR-029,2022-04-15,12.25,2.53,188.29,198.92,224.87,0.34,59.0,21.9,0.3,4238
TR-029,2022-07-15,12.5,65.16,130.87,72.16,114.95,0.05,66.4,9.2,7.12,4323
TR-029,2022-10-15,12.75,73.91,220.71,147.52,123.68,3.6,65.2,7.7,1.64,4459
TR-029,2023-01-15,13.0,18.91,286.2,114.14,187.21,2.68,57.4,27.4,6.51,4550
TR-029,2023-04-15,13.25,82.45,339.51,94.14,313.94,41.16,59.1,23.4,2.55,4652
TR-029,2023-07-15,13.5,16.97,359.22,67.72,175.89,5.95,56.0,6.9,3.48,4726
TR-029,2023-10-15,13.75,22.88,196.9,124.06,275.02,0.88,61.3,9.4,0.82,4822
TR-029,2024-01-15,14.0,37.14,272.4,100.26,136.0,0.05,54.7,24.7,0.24,4921
TR-030,2018-01-15,29.0,219.7,148.68,62.53,14.8,0.05,68.2,25.5,3.3,9708
TR-030,2018-04-15,29.333333333333258,325.99,310.95,114.16,50.12,0.3,58.3,20.7,1.72,9863
TR-030,2018-08-15,29.666666666666515,222.1,216.24,69.93,40.28,0.35,67.3,7.7,4.56,9946
TR-030,2018-12-15,29.999999999999773,205.09,116.51,79.42,29.73,0.05,61.6,25.5,1.62,10093
TR-030,2019-04-15,30.33333333333303,219.05,114.5,18.18,95.62,1.47,55.8,18.5,2.24,10235
TR-030,2019-08-15,30.666666666666288,158.27,117.85,41.59,14.02,0.05,58.1,7.6,2.5,10322
TR-030,2019-12-15,30.999999999999545,144.93,105.87,32.76,5.71,1.37,58.0,26.0,0.68,10463
TR-030,2020-04-15,31.333333333332803,182.23,170.67,23.49,88.98,6.76,52.8,19.1,0.59,10584
TR-030,2020-08-15,31.66666666666606,408.84,92.54,73.0,93.43,0.1,54.4,7.5,0.07,10734
TR-030,2020-12-15,31.999999999999318,96.07,83.91,35.7,10.48,21.58,48.6,25.0,1.09,10847
TR-030,2021-04-15,32.333333333332575,380.42,170.52,219.53,123.09,0.05,56.3,17.3,0.2,10952
TR-030,2021-08-15,32.66666666666583,150.36,177.22,94.4,2.63,0.06,49.9,5.7,0.63,11071
TR-030,2021-12-15,32.99999999999909,166.6,65.53,78.83,12.47,0.05,47.6,24.9,0.75,11204
TR-030,2022-04-15,33.33333333333235,136.75,120.62,90.31,39.91,11.69,46.7,18.4,0.65,11312
TR-030,2022-08-15,33.666666666665606,211.64,98.35,24.68,55.13,0.9,49.6,8.1,0.53,11435
TR-030,2022-12-15,33.99999999999886,187.86,144.16,112.86,40.68,24.3,52.1,23.3,0.64,11582
TR-030,2023-04-15,34.33333333333212,115.73,48.76,51.4,10.15,0.38,51.5,18.7,1.02,11691
TR-030,2023-08-15,34.66666666666538,212.17,140.41,77.14,34.82,0.05,44.1,5.9,0.23,11828
TR-030,2023-12-15,34.999999999998636,293.22,91.93,51.91,12.48,0.05,46.4,24.9,2.45,11892
TR-032,2018-01-15,29.0,119.43,77.48,37.61,21.37,12.66,68.5,27.8,0.92,10294
TR-032,2018-07-15,29.5,198.96,150.31,41.53,45.37,1.03,67.2,9.7,4.83,10485
TR-032,2019-01-15,30.0,171.74,121.81,52.76,24.24,1.32,58.2,25.5,2.13,10703
TR-032,2019-07-15,30.5,112.19,86.53,55.61,99.05,3.13,57.2,8.4,3.04,10881
TR-032,2020-01-15,31.0,225.54,75.86,87.84,79.51,0.05,57.8,24.6,1.15,11017
TR-032,2020-07-15,31.5,94.78,93.96,47.67,56.79,14.48,50.9,8.0,0.8,11231
TR-032,2021-01-15,32.0,113.36,211.28,45.82,31.93,0.05,50.5,24.6,2.86,11381
TR-032,2021-07-15,32.5,148.43,129.59,135.09,15.11,5.21,51.0,5.9,0.24,11587
TR-032,2022-01-15,33.0,215.57,78.09,119.67,18.35,2.0,52.1,24.7,0.58,11785
TR-032,2022-07-15,33.5,233.42,129.04,49.42,34.67,8.75,45.8,10.2,3.19,11944
TR-032,2023-01-15,34.0,95.46,87.79,158.06,72.0,0.05,45.1,24.4,0.82,12149
TR-032,2023-07-15,34.5,248.93,106.16,30.82,25.88,3.83,50.0,10.2,0.24,12335
TR-032,2024-01-15,35.0,186.67,119.82,17.02,24.19,0.62,58.8,24.4,3.54,12471
TR-037,2018-01-15,23.0,235.57,103.32,89.1,39.83,0.05,52.9,22.4,1.45,8153
TR-037,2018-04-15,23.25,80.07,60.68,55.38,11.2,0.76,45.3,21.6,3.29,8214
TR-037,2018-07-15,23.5,108.73,150.51,44.72,19.37,0.17,49.1,11.2,0.32,8312
TR-037,2018-10-15,23.75,133.23,86.48,27.64,8.98,9.36,46.4,9.5,2.6,8413
TR-037,2019-01-15,24.0,138.85,121.5,36.98,6.87,0.05,44.7,24.9,6.55,8506
TR-037,2019-04-15,24.25,106.02,79.55,48.37,44.35,17.03,53.4,23.1,0.34,8622
TR-037,2019-07-15,24.5,121.01,51.9,31.91,27.96,2.56,47.3,7.2,7.17,8668
TR-037,2019-10-15,24.75,101.08,74.7,74.84,4.78,0.05,46.8,9.2,3.16,8792
TR-037,2020-01-15,25.0,222.41,90.23,53.97,14.64,1.73,40.4,25.9,1.02,8888
TR-037,2020-04-15,25.25,101.52,46.76,32.62,49.9,0.05,45.8,22.5,1.34,8970
TR-037,2020-07-15,25.5,271.89,116.67,14.78,46.6,0.59,43.2,9.0,2.22,9069
TR-037,2020-10-15,25.75,63.16,66.31,53.69,71.39,5.48,44.3,11.1,0.92,9145
TR-037,2021-01-15,26.0,69.79,62.29,106.84,10.29,0.35,50.9,26.6,2.24,9270
TR-037,2021-04-15,26.25,250.28,95.06,7.6,32.44,0.05,58.3,21.3,2.92,9319
TR-037,2021-07-15,26.5,133.86,81.57,21.89,25.69,0.05,55.1,8.9,0.48,9427
TR-037,2021-10-15,26.75,62.99,141.07,59.08,8.83,0.75,52.2,11.2,3.13,9512
TR-037,2022-01-15,27.0,171.61,172.02,44.75,94.75,0.14,58.0,25.1,0.75,9603
TR-037,2022-04-15,27.25,113.51,125.8,27.35,21.93,3.07,52.7,22.7,1.11,9704
TR-037,2022-07-15,27.5,187.04,93.14,38.51,28.46,0.06,64.5,7.3,1.35,9767
TR-037,2022-10-15,27.75,224.19,53.97,11.3,25.22,35.72,63.1,10.0,0.87,9867
TR-037,2023-01-15,28.0,149.83,53.94,41.29,59.44,0.05,60.2,25.0,2.88,9993
TR-037,2023-04-15,28.25,174.55,159.99,48.07,61.74,9.28,58.3,24.5,1.23,10044
TR-037,2023-07-15,28.5,203.86,149.47,61.83,62.18,1.01,66.7,8.3,4.18,10181
TR-037,2023-10-15,28.75,225.27,241.71,41.97,27.89,1.79,64.5,11.9,3.48,10239
TR-037,2024-01-15,29.0,214.95,131.52,44.18,18.06,0.05,62.2,25.1,3.33,10364
TR-038,2018-01-15,26.0,138.84,97.61,51.79,92.46,0.47,56.0,27.1,1.98,8843
TR-038,2018-04-15,26.333333333333258,246.18,72.16,53.65,19.25,0.24,40.9,17.4,0.23,8967
TR-038,2018-08-15,26.666666666666515,103.57,75.61,32.28,15.86,0.05,55.4,5.6,0.64,9086
TR-038,2018-12-15,26.999999999999773,206.23,134.39,45.54,117.63,8.75,48.5,26.5,1.0,9212
TR-038,2019-04-15,27.33333333333303,88.53,74.39,60.35,96.48,2.63,51.2,18.8,0.46,9295
TR-038,2019-08-15,27.666666666666288,168.07,91.63,82.66,9.87,1.07,59.8,10.9,4.92,9409
TR-038,2019-12-15,27.999999999999545,232.61,80.52,72.79,18.34,1.55,65.7,23.7,0.9,9579
TR-038,2020-04-15,28.333333333332803,91.28,109.55,53.08,33.22,5.39,61.5,16.6,5.68,9689
TR-038,2020-08-15,28.66666666666606,261.1,116.27,35.06,19.33,0.52,53.3,8.3,2.7,9791
TR-038,2020-12-15,28.999999999999318,247.57,105.46,46.32,24.62,5.94,67.6,26.4,3.37,9937
TR-038,2021-04-15,29.333333333332575,275.13,263.21,97.2,64.86,9.03,61.8,15.0,1.85,10040
TR-038,2021-08-15,29.666666666665833,168.76,137.26,68.2,21.09,8.26,62.8,8.7,1.53,10166
TR-038,2021-12-15,29.99999999999909,272.27,152.64,61.14,24.23,0.05,63.9,25.5,2.93,10255
TR-038,2022-04-15,30.333333333332348,132.78,67.54,160.21,8.41,0.05,58.7,17.4,0.4,10412
TR-038,2022-08-15,30.666666666665606,148.74,143.93,102.5,26.58,0.2,56.7,11.5,5.4,10530
TR-038,2022-12-15,30.999999999998863,235.7,65.21,18.96,25.27,0.05,54.7,26.4,1.2,10666
TR-038,2023-04-15,31.33333333333212,81.42,55.52,28.59,32.55,0.05,55.2,20.9,4.93,10756
TR-038,2023-08-15,31.666666666665378,148.47,80.4,72.51,38.4,5.12,50.6,8.7,3.09,10899
TR-038,2023-12-15,31.999999999998636,296.38,63.9,42.12,76.47,12.97,50.0,25.5,3.75,10992
TR-039,2018-01-15,23.0,355.61,157.11,175.29,110.53,0.42,57.8,27.5,4.25,8183
TR-040,2018-01-15,24.0,77.66,74.7,40.12,7.15,2.54,47.8,23.3,4.74,7862
TR-040,2018-04-15,24.333333333333258,155.31,100.86,66.8,71.06,0.05,51.0,18.6,0.24,7974
TR-040,2018-08-15,24.666666666666515,120.0,146.32,31.73,23.45,2.4,47.3,9.3,0.17,8087
TR-040,2018-12-15,24.999999999999773,147.77,46.18,24.51,5.0,0.05,43.6,20.5,0.05,8186
TR-040,2019-04-15,25.33333333333303,129.64,45.58,53.12,64.41,12.49,48.5,18.3,0.02,8351
TR-040,2019-08-15,25.666666666666288,107.51,107.1,13.71,10.41,5.08,46.4,5.8,1.29,8417
TR-040,2019-12-15,25.999999999999545,150.08,63.92,52.58,3.98,0.05,52.6,26.4,2.56,8589
TR-040,2020-04-15,26.333333333332803,116.5,71.41,45.69,6.1,15.3,51.9,14.6,0.09,8687
TR-040,2020-08-15,26.66666666666606,185.15,143.82,59.66,37.15,1.2,57.2,7.0,0.49,8807
TR-040,2020-12-15,26.999999999999318,265.72,149.18,45.36,15.08,0.21,58.6,24.7,1.16,8903
TR-040,2021-04-15,27.333333333332575,131.42,212.19,67.63,8.48,0.66,52.2,16.4,5.39,9065
TR-040,2021-08-15,27.666666666665833,125.39,80.05,38.53,39.5,6.03,60.9,5.6,2.53,9201
TR-040,2021-12-15,27.99999999999909,99.79,78.44,33.57,25.56,2.52,66.4,25.2,0.52,9322
TR-040,2022-04-15,28.333333333332348,324.23,151.4,90.69,18.59,0.14,61.5,17.0,0.8,9403
TR-040,2022-08-15,28.666666666665606,86.76,109.69,137.72,30.48,9.98,59.9,8.3,1.42,9532
TR-040,2022-12-15,28.999999999998863,169.84,66.21,26.97,67.26,1.43,63.8,26.7,0.1,9687
TR-040,2023-04-15,29.33333333333212,155.48,169.76,37.18,13.0,0.05,62.8,18.9,1.06,9763
TR-040,2023-08-15,29.666666666665378,185.74,89.75,48.42,42.97,0.65,62.8,4.8,1.62,9879
TR-040,2023-12-15,29.999999999998636,103.3,108.4,41.49,63.22,3.79,58.5,24.9,0.62,10009
TR-042,2018-01-15,15.0,82.23,54.54,9.43,9.77,2.15,44.9,24.6,1.35,4441
TR-042,2018-07-15,15.5,198.04,111.42,61.42,26.45,3.87,48.4,10.8,0.59,4637
TR-042,2019-01-15,16.0,109.55,57.2,27.36,27.21,0.05,47.6,22.5,1.7,4790
TR-042,2019-07-15,16.5,111.73,73.33,7.48,35.41,0.05,51.5,6.2,2.09,5011
TR-042,2020-01-15,17.0,92.91,44.37,43.97,16.46,0.8,53.3,26.0,3.92,5189
TR-042,2020-07-15,17.5,43.48,66.79,14.8,19.06,0.05,52.7,10.3,2.19,5375
TR-042,2021-01-15,18.0,103.43,55.23,41.67,36.01,2.56,47.4,26.5,5.5,5570
TR-042,2021-07-15,18.5,127.4,92.28,31.79,48.73,17.48,61.7,8.6,6.62,5757
TR-042,2022-01-15,19.0,125.12,66.26,33.73,29.52,0.05,56.8,25.2,1.18,5910
TR-042,2022-07-15,19.5,51.46,83.88,52.19,8.2,32.92,64.2,12.7,5.27,6115
TR-042,2023-01-15,20.0,105.49,40.8,67.08,3.4,0.05,64.1,24.4,0.29,6264
TR-042,2023-07-15,20.5,127.36,47.49,38.47,23.78,14.72,65.3,9.6,1.14,6464
TR-042,2024-01-15,21.0,104.82,54.59,41.3,45.11,41.75,60.4,25.1,0.01,6642
TR-045,2018-01-15,7.0,156.24,122.16,0.15,166.34,0.42,57.8,27.4,3.09,2299
TR-045,2018-07-15,7.5,184.4,84.2,29.42,159.99,6.38,55.3,9.4,7.36,2499
TR-045,2019-01-15,8.0,235.32,41.62,28.69,73.28,13.53,54.3,23.5,6.01,2659
TR-045,2019-07-15,8.5,164.39,56.86,12.43,34.76,51.4,51.4,9.6,0.08,2871
TR-045,2020-01-15,9.0,286.01,184.19,40.98,98.35,54.55,67.7,28.2,0.1,3023
TR-045,2020-07-15,9.5,299.46,82.13,21.09,176.14,17.84,59.6,8.6,1.94,3197
TR-045,2021-01-15,10.0,335.63,135.31,2.63,73.4,17.82,74.0,23.4,4.16,3425
TR-045,2021-07-15,10.5,295.76,213.27,50.16,136.59,52.79,71.3,7.5,2.92,3570
TR-045,2022-01-15,11.0,636.5,150.63,16.39,193.93,112.5,73.6,26.5,10.73,3766
TR-045,2022-07-15,11.5,225.73,78.53,27.39,97.16,30.89,60.4,9.0,4.14,3965
TR-045,2023-01-15,12.0,164.28,133.38,21.05,308.54,15.75,67.7,24.2,1.62,4115
TR-045,2023-07-15,12.5,376.31,132.9,40.34,150.06,6.87,64.2,9.2,3.43,4316
TR-045,2024-01-15,13.0,459.41,84.18,33.51,79.7,54.4,62.5,26.0,11.99,4488
TR-051,2018-01-15,7.0,115.88,172.0,4.67,44.79,62.76,50.2,22.7,6.73,1688
TR-051,2018-04-15,7.3333333333332575,147.78,61.35,11.47,21.72,41.71,51.8,19.7,4.6,1850
TR-051,2018-08-15,7.666666666666515,211.49,218.54,9.08,41.16,19.64,58.4,5.5,3.44,1953
TR-051,2018-12-15,7.999999999999773,230.96,106.22,20.38,69.36,155.84,62.4,26.0,1.35,2039
TR-051,2019-04-15,8.33333333333303,199.15,110.32,23.38,55.41,18.84,53.1,19.0,25.0,2167
TR-051,2019-08-15,8.666666666666288,229.8,101.09,16.39,63.29,63.27,57.6,5.4,2.31,2294
TR-052,2018-01-15,14.0,441.75,158.01,55.12,53.87,0.05,63.8,21.8,0.58,5064
TR-052,2018-04-15,14.333333333333258,419.38,205.24,121.12,43.88,0.05,61.7,18.7,0.48,5190
TR-052,2018-08-15,14.666666666666515,721.42,314.41,60.01,73.14,14.27,54.6,8.3,2.27,5318
TR-052,2018-12-15,14.999999999999773,266.95,181.47,130.4,58.39,0.05,54.4,25.8,3.42,5439
TR-052,2019-04-15,15.33333333333303,372.89,117.28,119.95,61.28,0.32,44.5,17.8,0.1,5543
TR-052,2019-08-15,15.666666666666288,548.11,54.54,28.3,113.41,0.3,56.4,7.5,0.02,5633
TR-052,2019-12-15,15.999999999999545,645.8,185.86,167.6,52.19,0.73,58.6,24.8,0.47,5793
TR-052,2020-04-15,16.333333333332803,369.18,136.32,38.76,6.02,16.44,54.5,16.6,0.05,5876
TR-052,2020-08-15,16.66666666666606,494.11,137.29,115.06,1.74,23.04,51.6,8.9,0.48,6020
TR-052,2020-12-15,16.999999999999318,399.87,276.12,70.23,72.15,0.05,62.7,22.6,2.6,6179
TR-052,2021-04-15,17.333333333332575,566.9,183.92,109.72,45.23,4.56,56.5,18.3,6.21,6278
TR-052,2021-08-15,17.666666666665833,272.24,206.32,102.28,26.6,2.4,54.2,6.8,6.0,6419
TR-052,2021-12-15,17.99999999999909,473.52,122.41,116.64,109.94,1.15,63.9,24.1,1.33,6530
TR-052,2022-04-15,18.333333333332348,481.86,244.38,203.93,53.08,0.2,64.0,17.1,0.41,6634
TR-052,2022-08-15,18.666666666665606,926.82,265.94,181.41,13.98,0.05,65.8,8.6,2.56,6739
TR-052,2022-12-15,18.999999999998863,463.38,266.51,34.5,66.65,0.93,62.1,24.3,1.55,6887
TR-052,2023-04-15,19.33333333333212,346.44,151.03,88.06,103.87,21.87,61.4,18.3,0.26,6984
TR-052,2023-08-15,19.666666666665378,1073.83,204.7,169.18,290.72,3.08,68.1,7.8,3.89,7124
TR-052,2023-12-15,19.999999999998636,1074.55,170.72,133.44,34.6,5.45,59.9,25.7,0.14,7259
TR-053,2018-01-15,3.0,44.34,14.05,21.66,15.69,0.25,61.1,25.0,1.52,320
TR-053,2018-04-15,3.3333333333332575,26.42,30.68,5.65,9.06,0.35,56.3,18.9,4.42,436
TR-053,2018-08-15,3.666666666666515,26.94,17.96,14.32,4.57,0.05,57.5,8.1,3.91,593
TR-053,2018-12-15,3.9999999999997726,35.56,12.8,2.74,4.25,0.31,62.3,25.4,0.76,678
TR-053,2019-04-15,4.33333333333303,83.45,24.75,5.88,12.95,0.6,55.3,18.6,0.71,851
TR-053,2019-08-15,4.666666666666288,51.7,31.88,16.85,6.23,5.31,55.1,6.3,0.76,937
TR-053,2019-12-15,4.999999999999545,26.65,12.63,8.64,6.96,6.46,48.6,25.0,2.45,1074
TR-053,2020-04-15,5.333333333332803,28.62,16.94,9.09,4.27,1.34,59.5,15.9,0.37,1186
TR-053,2020-08-15,5.66666666666606,45.16,23.09,10.29,8.39,0.13,40.9,9.0,6.76,1293
TR-053,2020-12-15,5.999999999999318,47.77,14.24,13.1,8.49,0.05,36.4,24.9,1.27,1438
TR-053,2021-04-15,6.333333333332575,46.44,21.98,13.51,7.68,3.07,46.9,18.9,0.38,1544
TR-053,2021-08-15,6.666666666665833,55.38,22.5,6.92,8.86,1.47,50.3,5.4,2.16,1651
TR-053,2021-12-15,6.9999999999990905,71.83,65.97,6.62,7.18,2.14,52.2,26.9,0.58,1776
TR-053,2022-04-15,7.333333333332348,80.16,34.85,11.46,16.69,0.05,47.6,20.7,9.25,1902
TR-053,2022-08-15,7.666666666665606,49.83,29.27,24.21,14.45,0.17,50.9,8.9,8.84,2049
TR-053,2022-12-15,7.999999999998863,27.94,29.25,20.95,3.12,0.05,49.5,24.5,3.18,2138
TR-053,2023-04-15,8.33333333333212,56.96,46.0,12.8,8.98,0.07,48.5,18.6,8.16,2293
TR-053,2023-08-15,8.666666666665378,35.03,37.79,19.95,6.95,0.06,49.4,8.1,0.3,2399
TR-053,2023-12-15,8.999999999998636,51.98,20.79,8.87,22.88,2.81,56.3,23.8,3.59,2549
TR-054,2018-01-15,9.0,66.42,299.35,39.34,46.15,2.87,66.1,26.1,3.94,3161
TR-054,2018-04-15,9.25,59.67,109.57,83.65,268.0,6.11,63.5,22.5,3.97,3228
TR-054,2018-07-15,9.5,40.19,216.95,69.24,97.17,0.05,65.4,6.8,0.13,3295
TR-054,2018-10-15,9.75,142.64,272.8,66.15,332.11,1.21,61.3,12.9,3.1,3410
TR-054,2019-01-15,10.0,14.55,181.43,28.14,158.69,0.05,63.3,24.9,0.21,3493
TR-054,2019-04-15,10.25,16.95,304.16,109.23,266.26,3.63,67.7,23.0,4.36,3590
TR-054,2019-07-15,10.5,32.38,235.68,85.29,236.88,6.15,67.7,8.4,8.53,3671
TR-054,2019-10-15,10.75,44.64,252.05,49.23,127.9,3.59,68.7,10.4,8.84,3770
TR-054,2020-01-15,11.0,40.77,286.25,140.29,191.65,0.05,69.8,27.3,1.58,3876
TR-054,2020-04-15,11.25,74.08,272.88,92.0,96.35,0.05,65.1,25.3,1.42,3971
TR-054,2020-07-15,11.5,80.32,185.88,59.94,447.64,12.27,75.3,10.0,3.58,4031
TR-054,2020-10-15,11.75,75.59,110.78,71.64,244.54,0.05,68.7,9.4,0.82,4172
TR-054,2021-01-15,12.0,134.27,284.52,267.33,345.59,2.42,69.6,24.7,2.51,4239
TR-054,2021-04-15,12.25,98.46,400.28,77.14,167.45,15.33,65.5,23.8,2.02,4313
TR-054,2021-07-15,12.5,25.3,392.95,330.39,313.71,0.66,68.5,9.4,0.77,4390
TR-054,2021-10-15,12.75,23.11,365.45,161.56,150.34,0.05,63.2,13.4,0.11,4538
TR-054,2022-01-15,13.0,49.59,280.9,124.06,201.14,14.39,66.2,28.5,0.49,4600
TR-054,2022-04-15,13.25,310.67,556.06,104.14,417.26,0.05,65.8,20.6,8.33,4715
TR-055,2018-01-15,23.0,187.54,83.01,19.6,35.74,13.71,53.9,24.1,2.86,7543
TR-055,2018-07-15,23.5,104.94,82.56,57.65,17.55,0.63,48.1,8.2,1.52,7722
TR-055,2019-01-15,24.0,201.15,105.71,73.32,11.21,55.91,50.3,25.6,6.24,7917
TR-055,2019-07-15,24.5,207.74,84.23,39.11,10.11,0.24,44.9,10.6,0.01,8122
TR-055,2020-01-15,25.0,117.12,65.99,60.85,27.66,0.05,45.6,27.4,1.64,8262
TR-055,2020-07-15,25.5,137.79,93.38,74.7,27.71,0.05,49.0,7.5,1.78,8467
TR-055,2021-01-15,26.0,132.72,79.02,47.74,17.65,2.37,48.4,27.1,1.66,8640
TR-055,2021-07-15,26.5,98.14,93.68,32.86,34.6,1.39,53.0,11.8,3.88,8860
TR-055,2022-01-15,27.0,238.49,79.73,52.19,22.36,9.14,49.9,20.9,1.65,8994
TR-055,2022-07-15,27.5,157.74,111.73,17.49,23.03,1.41,57.3,10.1,2.32,9191
TR-055,2023-01-15,28.0,172.11,112.1,107.5,64.35,3.69,57.1,24.8,1.32,9351
TR-055,2023-07-15,28.5,244.62,64.65,76.78,36.76,0.48,64.2,9.1,1.58,9561
TR-055,2024-01-15,29.0,148.16,64.63,55.63,12.3,4.12,59.1,25.2,0.99,9755
TR-061,2018-01-15,5.0,88.01,39.31,0.45,78.99,18.24,59.1,27.2,6.18,1718
TR-061,2018-04-15,5.3333333333332575,144.9,51.04,4.69,31.05,10.07,53.5,18.9,1.96,1860
TR-061,2018-08-15,5.666666666666515,213.38,106.91,10.95,122.27,40.66,57.2,8.4,3.33,2014
TR-061,2018-12-15,5.999999999999773,111.38,61.51,5.94,112.36,2.32,53.0,23.4,5.27,2083
TR-061,2019-04-15,6.33333333333303,166.42,30.23,4.17,108.37,13.87,48.3,19.3,4.55,2222
TR-061,2019-08-15,6.666666666666288,121.59,58.44,0.63,44.72,3.16,49.8,8.2,0.82,2382
TR-061,2019-12-15,6.999999999999545,174.67,56.27,20.48,46.97,3.56,55.5,24.9,3.35,2462
TR-061,2020-04-15,7.333333333332803,272.04,32.12,0.61,40.14,41.92,52.3,17.2,0.25,2623
TR-061,2020-08-15,7.66666666666606,179.87,164.18,14.79,84.92,15.75,55.4,3.7,2.88,2741
TR-061,2020-12-15,7.999999999999318,340.58,99.04,0.59,131.74,13.47,57.2,23.6,3.11,2840
TR-061,2021-04-15,8.333333333332575,149.81,57.73,28.97,75.55,15.2,54.7,17.8,11.08,2943
TR-061,2021-08-15,8.666666666665833,244.28,137.22,15.95,82.86,3.21,64.5,10.3,1.89,3084
TR-061,2021-12-15,8.99999999999909,165.86,88.06,7.12,118.65,1.11,63.6,22.3,14.26,3229
TR-061,2022-04-15,9.333333333332348,176.86,23.7,15.1,85.57,12.3,67.0,17.0,0.04,3354
TR-061,2022-08-15,9.666666666665606,181.13,173.86,63.22,103.66,49.98,65.3,10.1,0.52,3460
TR-061,2022-12-15,9.999999999998863,332.36,88.97,43.78,131.11,33.4,67.9,27.3,1.81,3588
TR-062,2018-01-15,22.0,107.86,68.63,43.46,64.06,0.23,59.8,24.7,1.6,7234
TR-062,2018-04-15,22.25,144.77,86.19,22.27,20.14,0.55,49.8,22.0,13.29,7295
TR-062,2018-07-15,22.5,145.18,84.92,45.99,29.09,2.98,56.2,8.5,0.77,7398
TR-062,2018-10-15,22.75,122.32,96.35,47.77,20.48,0.05,51.0,12.5,0.32,7471
TR-062,2019-01-15,23.0,260.84,213.07,38.47,14.67,0.05,55.9,25.8,1.02,7578
TR-062,2019-04-15,23.25,89.5,169.82,48.85,56.47,0.05,51.6,21.7,4.97,7695
TR-062,2019-07-15,23.5,148.71,82.18,20.23,67.3,0.05,53.6,11.1,1.13,7743
TR-062,2019-10-15,23.75,151.44,120.98,71.5,16.08,0.12,42.1,8.8,0.43,7838
TR-062,2020-01-15,24.0,228.37,142.57,84.61,13.86,6.87,41.2,26.0,2.3,7917
TR-062,2020-04-15,24.25,128.62,101.63,50.41,12.65,20.78,48.3,21.4,0.85,8058
TR-062,2020-07-15,24.5,92.72,69.24,12.73,9.95,0.93,44.4,8.6,2.99,8152
TR-062,2020-10-15,24.75,232.96,82.01,35.06,89.1,0.05,48.0,12.2,0.17,8222
TR-062,2021-01-15,25.0,232.74,157.34,65.49,61.45,0.05,49.2,25.9,7.55,8321
TR-062,2021-04-15,25.25,202.75,140.95,36.39,27.59,0.18,45.0,24.1,1.85,8414
TR-062,2021-07-15,25.5,150.85,64.97,50.1,9.71,1.04,44.9,10.4,0.58,8476
TR-062,2021-10-15,25.75,115.17,79.3,25.82,15.61,0.85,42.3,11.0,2.81,8573
TR-062,2022-01-15,26.0,211.9,113.41,41.96,14.19,1.91,48.9,23.4,0.04,8644
TR-062,2022-04-15,26.25,127.58,76.69,34.49,18.94,0.05,54.5,24.7,1.75,8771
TR-062,2022-07-15,26.5,74.39,164.35,27.77,10.37,1.76,52.3,10.9,0.71,8852
TR-062,2022-10-15,26.75,164.87,76.03,56.26,75.64,1.31,53.6,13.5,2.28,8969
TR-062,2023-01-15,27.0,146.85,64.61,41.83,13.78,0.05,55.0,25.6,4.53,9050
TR-062,2023-04-15,27.25,157.96,91.47,25.81,41.07,0.05,59.4,23.1,0.44,9145
TR-062,2023-07-15,27.5,125.0,100.36,47.6,2.59,1.75,59.1,13.0,1.35,9195
TR-062,2023-10-15,27.75,274.49,101.36,55.42,82.7,0.05,55.2,10.4,1.76,9288
TR-062,2024-01-15,28.0,238.61,102.35,10.44,27.13,0.57,64.9,25.3,0.3,9408
TR-064,2018-01-15,19.0,72.05,48.39,15.85,19.62,0.12,61.5,25.4,1.61,6044
TR-064,2018-04-15,19.333333333333258,184.34,43.53,44.0,29.26,0.05,61.1,16.9,0.67,6141
TR-064,2018-08-15,19.666666666666515,184.75,141.25,109.07,28.0,3.41,63.9,9.4,0.69,6262
TR-064,2018-12-15,19.999999999999773,95.4,54.24,47.84,13.88,6.8,56.9,25.7,0.11,6411
TR-064,2019-04-15,20.33333333333303,142.69,76.53,47.73,16.13,1.76,65.3,17.8,2.36,6520
TR-064,2019-08-15,20.666666666666288,151.11,119.01,35.4,15.04,0.47,61.0,8.0,4.03,6654
TR-064,2019-12-15,20.999999999999545,109.43,95.68,34.14,3.79,0.22,69.5,28.3,7.45,6756
TR-064,2020-04-15,21.333333333332803,111.21,61.72,24.92,17.56,1.14,63.5,19.9,1.88,6893
TR-064,2020-08-15,21.66666666666606,126.94,47.1,56.41,28.34,0.2,57.7,8.9,3.47,7024
TR-064,2020-12-15,21.999999999999318,130.82,62.78,55.89,3.64,0.05,58.7,24.3,1.49,7131
TR-064,2021-04-15,22.333333333332575,196.39,75.76,67.89,35.79,1.22,54.1,19.6,1.71,7274
TR-064,2021-08-15,22.666666666665833,170.33,66.71,41.93,16.48,0.05,53.2,7.6,4.93,7380
TR-064,2021-12-15,22.99999999999909,118.02,135.48,26.69,20.88,1.7,55.5,26.3,1.09,7522
TR-064,2022-04-15,23.333333333332348,132.56,48.0,55.35,16.92,0.64,49.5,17.6,1.39,7605
TR-064,2022-08-15,23.666666666665606,105.43,87.7,33.91,36.4,3.47,49.9,8.1,1.16,7756
TR-064,2022-12-15,23.999999999998863,74.83,46.31,26.55,17.13,13.62,48.7,24.0,2.0,7876
TR-064,2023-04-15,24.33333333333212,126.21,149.76,16.69,41.89,2.42,46.5,18.3,0.79,7982
TR-064,2023-08-15,24.666666666665378,122.02,91.82,70.41,18.52,2.12,49.1,8.8,3.47,8110
TR-064,2023-12-15,24.999999999998636,109.37,53.39,33.79,22.94,0.14,47.3,26.2,0.73,8253
TR-066,2018-01-15,10.0,77.09,50.03,32.31,7.97,1.27,64.1,26.8,1.08,3308
TR-066,2018-07-15,10.5,74.57,21.91,24.97,12.91,0.05,64.9,8.8,3.85,3518
TR-066,2019-01-15,11.0,94.86,50.75,14.3,29.71,0.77,65.9,26.4,7.01,3676
TR-066,2019-07-15,11.5,83.09,21.32,12.98,41.02,1.95,63.3,9.2,1.6,3878
TR-066,2020-01-15,12.0,121.86,51.2,21.74,34.25,0.11,56.1,25.0,0.16,4035
TR-066,2020-07-15,12.5,85.44,80.42,64.4,26.95,0.05,52.4,8.8,2.93,4223
TR-066,2021-01-15,13.0,71.83,61.56,13.41,2.52,0.05,62.1,24.4,2.8,4376
TR-066,2021-07-15,13.5,46.34,39.68,25.24,26.09,7.26,51.0,9.2,0.48,4557
TR-066,2022-01-15,14.0,57.95,90.17,7.44,44.51,0.05,50.2,27.2,0.81,4796
TR-066,2022-07-15,14.5,93.49,43.58,26.2,9.53,1.52,45.5,8.6,6.97,4948
TR-066,2023-01-15,15.0,102.25,90.87,18.79,3.2,0.05,50.9,24.0,0.88,5106
TR-066,2023-07-15,15.5,35.72,59.02,41.46,19.27,5.49,50.4,9.4,1.1,5344
TR-066,2024-01-15,16.0,129.53,53.6,33.46,21.82,0.09,54.9,26.5,0.79,5516
TR-067,2018-01-15,27.0,195.53,64.96,75.6,25.6,0.32,53.9,25.2,5.5,9414
TR-067,2018-04-15,27.25,221.42,107.28,72.38,105.87,1.45,53.0,26.0,7.15,9464
TR-067,2018-07-15,27.5,133.13,168.17,35.91,8.92,0.05,60.1,10.8,0.28,9562
TR-067,2018-10-15,27.75,134.88,101.3,103.34,58.97,0.05,55.4,10.1,5.87,9692
TR-067,2019-01-15,28.0,135.48,65.29,40.49,44.13,0.05,56.0,23.4,0.52,9742
TR-067,2019-04-15,28.25,193.52,131.82,57.72,24.6,0.05,57.7,22.3,4.1,9823
TR-067,2019-07-15,28.5,119.84,107.84,87.9,47.98,0.07,62.1,7.5,3.42,9948
TR-067,2019-10-15,28.75,179.78,66.18,22.91,44.55,4.49,53.3,9.1,0.61,10040
TR-067,2020-01-15,29.0,222.66,53.62,62.54,67.49,0.05,63.3,24.4,0.99,10143
TR-067,2020-04-15,29.25,115.41,66.56,80.98,6.26,0.52,62.0,22.8,0.15,10192
TR-067,2020-07-15,29.5,226.48,183.19,54.15,2.48,0.15,61.2,11.7,1.51,10290
TR-067,2020-10-15,29.75,276.59,109.21,25.47,11.51,0.83,65.0,11.0,1.68,10390
TR-067,2021-01-15,30.0,177.43,160.23,135.45,23.28,2.67,66.1,26.2,3.66,10480
TR-067,2021-04-15,30.25,393.3,155.89,66.63,21.65,0.69,58.6,23.9,0.44,10577
TR-067,2021-07-15,30.5,238.67,86.98,31.19,32.09,0.48,55.1,9.6,2.27,10672
TR-067,2021-10-15,30.75,127.07,216.95,39.05,189.31,6.33,58.1,9.9,0.9,10786
TR-067,2022-01-15,31.0,166.06,109.3,53.67,13.16,11.91,59.0,23.2,0.81,10885
TR-067,2022-04-15,31.25,140.16,90.12,46.47,11.21,0.48,57.4,23.9,0.45,10959
TR-067,2022-07-15,31.5,212.89,197.02,37.94,39.76,0.44,59.6,8.4,4.38,11053
TR-067,2022-10-15,31.75,105.18,233.62,47.3,32.47,1.44,53.9,9.0,0.04,11153
TR-067,2023-01-15,32.0,179.5,153.93,57.11,28.78,7.58,49.8,23.5,5.36,11239
TR-067,2023-04-15,32.25,120.83,90.13,60.96,19.61,0.15,48.4,22.8,1.49,11320
TR-067,2023-07-15,32.5,178.68,72.21,114.12,20.02,0.11,45.7,7.1,0.87,11389
TR-067,2023-10-15,32.75,111.13,75.13,122.68,46.1,0.05,49.9,10.4,0.33,11484
TR-067,2024-01-15,33.0,278.31,124.46,62.49,45.73,0.05,52.0,26.9,0.98,11592
TR-068,2018-01-15,19.0,133.28,63.13,16.12,24.57,0.2,55.8,20.3,2.46,6676
TR-068,2018-04-15,19.25,115.75,116.69,5.75,21.24,0.05,63.9,22.3,0.98,6776
TR-068,2018-07-15,19.5,82.95,61.44,21.62,18.31,0.27,62.1,9.0,0.39,6871
TR-068,2018-10-15,19.75,233.32,152.42,53.65,35.31,8.76,66.3,10.2,0.65,6939
TR-068,2019-01-15,20.0,103.5,176.77,53.1,34.45,0.05,61.6,25.5,2.34,7062
TR-068,2019-04-15,20.25,55.28,108.13,79.92,32.55,3.31,59.0,22.6,1.13,7134
TR-068,2019-07-15,20.5,129.97,94.85,61.65,28.38,2.34,68.0,9.2,4.36,7215
TR-068,2019-10-15,20.75,142.49,81.87,39.16,23.06,0.05,66.4,12.9,1.77,7338
TR-068,2020-01-15,21.0,169.48,99.79,22.43,52.08,1.58,55.5,25.7,2.86,7419
TR-068,2020-04-15,21.25,132.68,88.18,39.72,36.36,0.05,64.4,24.0,3.31,7482
TR-068,2020-07-15,21.5,91.17,43.56,44.77,54.88,0.49,58.7,9.3,1.17,7601
TR-068,2020-10-15,21.75,293.39,177.86,31.57,23.72,2.09,57.8,12.1,2.54,7683
TR-068,2021-01-15,22.0,125.28,106.37,58.34,53.63,4.57,50.7,21.4,1.84,7745
TR-068,2021-04-15,22.25,129.58,85.08,62.31,14.13,3.91,55.0,22.9,1.06,7891
TR-068,2021-07-15,22.5,96.22,81.7,27.34,26.81,2.85,57.5,10.4,4.74,7954
TR-068,2021-10-15,22.75,200.96,78.47,90.62,69.63,0.13,52.5,13.0,1.48,8021
TR-068,2022-01-15,23.0,186.15,93.27,85.37,92.44,0.3,45.3,22.6,1.6,8137
TR-068,2022-04-15,23.25,149.64,82.25,15.44,57.4,3.68,49.0,24.3,0.82,8221
TR-068,2022-07-15,23.5,129.73,58.98,38.15,33.21,0.52,48.0,7.0,0.22,8307
TR-068,2022-10-15,23.75,186.92,93.52,23.2,12.16,10.29,59.0,12.6,0.85,8432
TR-068,2023-01-15,24.0,134.87,84.38,96.74,29.02,0.19,43.5,23.9,2.79,8517
TR-068,2023-04-15,24.25,98.36,87.18,99.13,36.29,9.43,47.0,23.5,0.8,8601
TR-068,2023-07-15,24.5,115.48,51.69,32.05,12.64,3.36,46.1,7.5,0.09,8668
TR-068,2023-10-15,24.75,125.36,110.88,24.79,18.31,0.89,42.6,11.2,1.71,8795
TR-068,2024-01-15,25.0,149.51,135.22,34.45,38.55,0.18,42.3,22.9,1.88,8854
TR-069,2018-01-15,21.0,143.71,570.46,142.69,153.72,18.25,69.7,26.0,5.06,6642
TR-069,2018-07-15,21.5,195.58,457.4,219.58,193.91,65.58,65.1,9.8,1.23,6846
TR-070,2018-01-15,18.0,119.68,40.62,48.4,17.2,1.41,55.0,27.8,1.03,6222
TR-070,2018-07-15,18.5,139.41,21.47,27.58,7.55,0.49,59.3,3.3,0.55,6419
TR-070,2019-01-15,19.0,188.55,174.27,30.87,23.89,7.99,54.3,24.2,1.08,6615
TR-070,2019-07-15,19.5,107.59,55.86,33.87,11.5,9.86,65.2,8.5,1.4,6776
TR-070,2020-01-15,20.0,126.35,113.49,66.99,22.85,20.46,59.8,26.4,1.87,6946
TR-070,2020-07-15,20.5,174.05,53.59,32.27,29.31,1.17,58.8,6.5,1.76,7146
TR-070,2021-01-15,21.0,221.76,90.06,65.39,10.5,0.05,54.5,24.2,2.66,7316
TR-070,2021-07-15,21.5,249.61,105.12,43.64,15.89,9.29,59.4,7.3,0.55,7534
TR-070,2022-01-15,22.0,87.9,95.32,46.96,30.13,0.05,62.7,24.3,1.13,7693
TR-070,2022-07-15,22.5,135.7,134.19,17.29,30.14,5.16,52.4,8.4,0.76,7866
TR-070,2023-01-15,23.0,81.58,87.51,24.19,7.72,0.05,49.1,23.8,1.67,8055
TR-070,2023-07-15,23.5,214.59,65.66,35.82,28.3,9.76,52.0,7.1,4.96,8233
TR-070,2024-01-15,24.0,145.35,165.19,44.15,18.89,0.05,47.2,23.4,0.88,8439
TR-071,2018-01-15,30.0,142.2,127.48,116.18,14.04,0.05,55.6,24.6,5.37,9940
TR-071,2018-07-15,30.5,142.18,108.76,34.1,25.6,0.52,57.2,8.6,2.13,10071
TR-071,2019-01-15,31.0,384.67,126.45,46.11,108.75,0.08,53.0,27.2,0.07,10281
TR-071,2019-07-15,31.5,184.27,92.35,36.8,9.17,0.78,56.3,8.6,3.12,10461
TR-071,2020-01-15,32.0,110.61,39.74,35.11,11.94,2.34,57.7,24.5,0.71,10633
TR-071,2020-07-15,32.5,227.65,124.66,22.61,39.32,0.25,42.4,9.2,0.47,10832
TR-071,2021-01-15,33.0,116.49,103.51,112.78,57.09,0.05,48.7,27.0,2.88,11039
TR-071,2021-07-15,33.5,404.02,166.85,139.65,32.09,11.6,47.2,8.4,1.1,11190
TR-071,2022-01-15,34.0,227.07,98.59,64.77,66.99,0.14,53.9,26.0,3.06,11359
TR-071,2022-07-15,34.5,164.29,84.04,26.9,46.51,3.98,47.9,9.2,3.04,11527
TR-071,2023-01-15,35.0,238.19,158.47,79.66,52.47,2.75,41.1,23.5,3.08,11752
TR-071,2023-07-15,35.5,146.0,196.7,47.81,28.41,0.08,48.9,7.4,2.68,11900
TR-072,2018-01-15,13.0,65.56,41.35,11.86,39.54,0.05,56.0,22.2,0.83,4711
TR-072,2018-04-15,13.25,48.56,32.36,47.21,14.82,0.05,55.6,24.5,0.01,4814
TR-072,2018-07-15,13.5,67.75,51.63,21.02,4.34,0.05,57.9,11.1,1.48,4893
TR-072,2018-10-15,13.75,108.78,72.53,12.49,9.29,0.07,49.5,9.4,0.74,4993
TR-072,2019-01-15,14.0,63.44,43.95,37.69,40.53,2.29,42.1,26.1,1.23,5088
TR-072,2019-04-15,14.25,50.62,40.67,39.9,2.28,0.79,44.7,23.5,8.96,5190
TR-072,2019-07-15,14.5,128.61,127.81,28.04,27.64,0.05,46.1,9.5,0.41,5256
TR-072,2019-10-15,14.75,104.81,56.48,81.81,30.83,0.6,49.6,9.1,1.05,5372
TR-072,2020-01-15,15.0,92.47,68.48,15.55,19.51,27.73,50.3,22.3,3.37,5474
TR-072,2020-04-15,15.25,78.51,42.96,27.2,1.29,0.05,51.1,20.9,1.53,5522
TR-072,2020-07-15,15.5,50.96,43.9,12.95,10.18,0.87,46.7,8.8,0.41,5649
TR-072,2020-10-15,15.75,68.2,42.54,25.02,37.67,0.05,41.8,10.4,1.6,5709
TR-072,2021-01-15,16.0,92.86,36.81,44.33,14.96,0.37,50.4,25.2,2.45,5839
TR-072,2021-04-15,16.25,71.55,23.32,28.73,17.06,4.95,49.1,24.4,4.18,5929
TR-072,2021-07-15,16.5,63.79,82.57,43.45,12.06,0.07,55.6,11.0,2.04,5990
TR-072,2021-10-15,16.75,76.91,86.54,26.83,38.68,0.12,53.6,10.3,1.92,6123
TR-072,2022-01-15,17.0,148.59,60.98,74.18,30.53,0.81,48.1,23.9,1.91,6162
TR-072,2022-04-15,17.25,106.34,32.35,49.33,10.37,2.0,47.1,23.0,1.6,6297
TR-072,2022-07-15,17.5,151.29,87.52,32.49,17.7,2.2,48.3,8.2,1.55,6393
TR-072,2022-10-15,17.75,124.55,47.21,22.69,5.3,9.45,50.6,10.6,1.6,6479
TR-072,2023-01-15,18.0,150.95,95.38,93.93,42.45,0.05,56.4,23.8,2.64,6562
TR-072,2023-04-15,18.25,78.94,94.3,38.05,16.65,0.05,50.5,26.2,1.14,6666
TR-072,2023-07-15,18.5,127.31,75.25,56.47,28.8,0.63,58.6,11.1,0.4,6744
TR-072,2023-10-15,18.75,97.3,73.26,60.75,42.64,0.05,65.6,12.1,2.97,6832
TR-072,2024-01-15,19.0,144.66,133.86,26.84,4.59,2.01,58.5,25.1,0.09,6899
TR-073,2018-01-15,15.0,773.0,247.26,149.09,2.39,5.75,53.6,24.9,0.84,5037
TR-073,2018-07-15,15.5,455.41,147.34,114.34,69.03,31.9,55.4,8.6,3.62,5212
TR-073,2019-01-15,16.0,710.43,145.42,50.22,47.26,0.07,57.6,22.1,2.44,5397
TR-073,2019-07-15,16.5,483.5,376.2,215.67,29.64,55.09,53.3,9.4,0.62,5567
TR-073,2020-01-15,17.0,296.08,89.27,105.03,64.82,0.05,54.4,26.5,0.55,5721
TR-073,2020-07-15,17.5,688.45,101.87,74.73,57.33,4.13,58.7,8.2,7.34,5958
TR-073,2021-01-15,18.0,918.84,132.94,48.36,129.16,22.19,60.7,25.1,2.12,6086
TR-073,2021-07-15,18.5,772.33,183.04,168.19,78.76,0.54,63.2,8.4,2.04,6307
TR-073,2022-01-15,19.0,869.31,138.22,65.15,52.75,9.54,73.5,22.2,1.98,6452
TR-073,2022-07-15,19.5,691.98,277.52,206.28,105.55,0.86,71.4,9.9,1.7,6659
TR-073,2023-01-15,20.0,1021.09,157.66,126.26,41.08,0.54,65.7,27.9,3.78,6852
TR-073,2023-07-15,20.5,1001.03,360.33,52.9,25.6,195.11,67.8,10.2,4.78,7036
TR-073,2024-01-15,21.0,485.54,259.48,222.91,42.59,0.49,66.9,24.5,5.23,7203
TR-075,2018-01-15,28.0,127.77,108.31,67.8,52.72,0.05,61.7,26.9,2.47,9961
TR-075,2018-07-15,28.5,166.93,175.37,112.3,13.66,0.05,60.6,10.9,3.01,10163
TR-075,2019-01-15,29.0,134.77,101.81,38.8,26.08,6.46,63.3,25.4,1.92,10333
TR-075,2019-07-15,29.5,111.01,317.94,74.36,45.59,0.05,64.5,6.5,0.45,10517
TR-075,2020-01-15,30.0,338.81,180.05,16.9,26.28,25.55,65.8,22.9,2.33,10710
TR-075,2020-07-15,30.5,150.77,130.93,53.7,39.74,0.05,63.9,10.3,3.3,10906
TR-075,2021-01-15,31.0,139.09,147.2,43.32,28.9,0.14,52.5,26.8,2.42,11049
TR-075,2021-07-15,31.5,186.12,114.41,53.65,33.13,0.23,46.6,9.3,0.53,11232
TR-075,2022-01-15,32.0,183.46,161.12,57.7,30.01,0.05,58.4,24.8,0.39,11463
TR-075,2022-07-15,32.5,295.59,127.54,52.18,41.67,1.33,52.6,7.0,1.13,11635
TR-075,2023-01-15,33.0,211.79,139.19,104.06,93.58,0.75,49.4,27.6,0.56,11788
TR-075,2023-07-15,33.5,161.77,43.35,69.18,9.49,0.05,46.0,8.9,4.61,12001
TR-075,2024-01-15,34.0,219.28,246.47,74.22,43.91,0.19,52.3,24.6,3.06,12200
TR-076,2018-01-15,28.0,285.39,53.51,66.2,34.34,0.16,64.7,24.3,0.97,10016
TR-076,2018-04-15,28.333333333333258,176.37,169.68,115.88,31.19,3.12,67.2,15.5,0.95,10140
TR-076,2018-08-15,28.666666666666515,142.84,102.03,23.35,1.58,0.05,60.4,9.0,6.14,10306
TR-076,2018-12-15,28.999999999999773,234.85,126.84,62.44,47.39,1.59,71.1,23.6,1.35,10411
TR-076,2019-04-15,29.33333333333303,251.43,188.93,34.96,12.04,0.29,64.8,19.8,3.61,10526
TR-076,2019-08-15,29.666666666666288,163.08,212.09,134.82,45.26,22.17,61.0,6.2,0.34,10663
TR-076,2019-12-15,29.999999999999545,239.92,76.6,78.6,20.74,0.79,68.4,24.4,0.34,10766
TR-076,2020-04-15,30.333333333332803,162.96,121.61,132.73,84.11,1.58,68.3,16.8,0.11,10906
TR-076,2020-08-15,30.66666666666606,235.15,155.95,57.19,94.74,1.2,66.0,8.8,2.24,10983
TR-076,2020-12-15,30.999999999999318,103.78,146.2,66.88,32.49,0.05,58.8,24.8,3.46,11146
TR-076,2021-04-15,31.333333333332575,163.67,124.79,89.84,7.96,0.75,57.5,16.7,1.2,11249
TR-076,2021-08-15,31.666666666665833,303.53,159.23,62.77,67.0,2.43,60.0,5.5,0.06,11355
TR-076,2021-12-15,31.99999999999909,174.11,97.46,19.83,68.16,1.58,50.2,24.6,0.12,11478
TR-076,2022-04-15,32.33333333333235,195.78,68.23,133.69,54.35,0.05,53.1,17.8,0.53,11618
TR-076,2022-08-15,32.666666666665606,172.8,73.74,62.8,8.47,3.7,42.7,7.5,0.41,11730
TR-076,2022-12-15,32.99999999999886,182.42,94.75,51.42,63.05,12.57,47.7,22.7,2.85,11894
TR-076,2023-04-15,33.33333333333212,291.25,151.74,90.98,12.2,0.05,50.3,15.7,0.36,11965
TR-076,2023-08-15,33.66666666666538,196.66,158.71,56.5,63.47,0.23,49.8,7.8,6.0,12111
TR-076,2023-12-15,33.999999999998636,305.74,214.28,76.52,103.5,12.02,43.9,25.1,1.77,12215
TR-078,2018-01-15,15.0,118.26,66.13,34.06,8.95,0.18,51.6,25.0,1.21,4918
TR-078,2018-04-15,15.333333333333258,110.01,53.26,15.2,31.58,0.86,49.9,16.4,2.22,4990
TR-078,2018-08-15,15.666666666666515,134.32,29.59,46.45,21.19,0.9,47.1,8.5,1.95,5162
TR-078,2018-12-15,15.999999999999773,79.81,71.21,27.72,26.26,0.31,49.0,25.3,0.45,5245
TR-078,2019-04-15,16.33333333333303,69.07,40.42,19.59,24.12,17.96,44.8,19.5,1.3,5405
TR-078,2019-08-15,16.666666666666288,57.86,61.32,26.28,15.55,0.05,49.6,8.0,7.65,5530
TR-078,2019-12-15,16.999999999999545,82.13,75.02,49.11,21.13,0.05,53.8,21.8,0.77,5625
TR-078,2020-04-15,17.333333333332803,90.66,66.6,28.37,10.81,9.01,53.2,15.1,2.16,5725
TR-078,2020-08-15,17.66666666666606,143.77,154.37,39.7,11.87,6.82,57.7,6.2,2.75,5849
TR-078,2020-12-15,17.999999999999318,162.19,69.08,14.51,26.0,0.05,60.4,25.0,0.22,5991
TR-078,2021-04-15,18.333333333332575,102.82,84.93,53.75,24.27,0.05,57.7,17.3,1.78,6092
TR-078,2021-08-15,18.666666666665833,193.49,147.09,112.67,47.4,0.05,64.4,6.8,4.96,6230
TR-078,2021-12-15,18.99999999999909,126.46,75.19,43.03,16.25,0.24,53.7,28.6,0.3,6326
TR-078,2022-04-15,19.333333333332348,193.77,67.79,23.32,12.51,0.05,62.2,15.8,0.37,6472
TR-078,2022-08-15,19.666666666665606,115.18,66.31,56.95,41.29,3.74,65.3,9.0,0.31,6603
TR-078,2022-12-15,19.999999999998863,132.74,61.46,68.15,11.5,0.05,67.6,27.8,4.93,6709
TR-078,2023-04-15,20.33333333333212,153.61,77.43,37.55,19.04,29.59,71.5,17.9,0.7,6827
TR-078,2023-08-15,20.666666666665378,110.22,39.74,61.84,23.19,0.05,59.8,8.2,2.37,6974
TR-078,2023-12-15,20.999999999998636,145.34,158.76,30.57,15.48,0.05,64.7,24.3,0.03,7092
TR-081,2018-01-15,21.0,178.85,170.52,22.31,76.33,0.34,64.2,26.2,2.86,6613
TR-081,2018-07-15,21.5,149.38,52.23,57.68,26.21,0.05,59.8,7.5,0.62,6768
TR-081,2019-01-15,22.0,194.03,101.9,33.8,23.22,1.09,55.9,21.7,1.13,6996
TR-081,2019-07-15,22.5,131.36,110.55,54.48,9.04,9.36,56.7,8.4,1.4,7177
TR-081,2020-01-15,23.0,216.11,168.24,13.07,26.25,0.5,58.0,26.5,0.48,7312
TR-081,2020-07-15,23.5,86.39,108.76,60.46,15.33,3.36,44.3,8.9,0.42,7487
TR-081,2021-01-15,24.0,140.62,82.18,19.64,21.38,2.77,50.3,23.8,0.81,7715
TR-081,2021-07-15,24.5,80.26,81.03,36.41,18.5,0.05,45.7,7.8,0.35,7876
TR-081,2022-01-15,25.0,139.27,122.55,58.42,3.46,1.09,37.1,24.3,1.86,8078
TR-081,2022-07-15,25.5,186.59,276.94,64.59,27.54,0.05,48.8,9.0,0.89,8230
TR-081,2023-01-15,26.0,89.55,124.09,18.62,51.45,0.1,47.0,25.8,4.05,8405
TR-081,2023-07-15,26.5,209.13,64.6,125.41,16.81,3.98,52.5,9.3,0.61,8621
TR-081,2024-01-15,27.0,132.78,80.98,72.47,38.7,7.19,52.6,21.6,4.73,8814
TR-084,2018-01-15,23.0,299.99,735.01,346.62,248.49,0.05,60.6,27.0,1.61,7320
TR-084,2018-04-15,23.333333333333258,312.04,598.15,175.59,236.93,26.97,58.7,17.4,3.84,7467
TR-084,2018-08-15,23.666666666666515,130.35,442.17,116.17,244.1,0.05,53.0,4.0,1.18,7585
TR-084,2018-12-15,23.999999999999773,200.35,820.85,509.09,357.95,0.46,52.0,27.7,0.37,7704
TR-084,2019-04-15,24.33333333333303,90.27,460.18,155.41,152.54,0.05,47.8,16.5,1.68,7830
TR-086,2018-01-15,4.0,61.64,39.95,9.41,13.91,0.05,58.6,24.0,0.66,740
TR-086,2018-07-15,4.5,64.64,57.31,16.78,11.22,0.05,58.1,8.2,0.33,900
TR-086,2019-01-15,5.0,51.77,34.53,11.97,7.26,0.62,47.0,23.3,0.56,1100
TR-086,2019-07-15,5.5,70.31,40.84,8.94,16.09,2.98,49.0,9.8,3.24,1288
TR-086,2020-01-15,6.0,37.52,31.24,37.89,7.59,15.24,49.8,23.5,3.36,1412
TR-086,2020-07-15,6.5,48.73,40.74,12.89,12.3,0.05,50.4,10.8,2.58,1596
TR-086,2021-01-15,7.0,41.01,19.99,7.45,7.28,0.05,43.7,24.0,6.32,1824
TR-086,2021-07-15,7.5,53.28,42.99,14.1,9.73,0.05,47.3,6.3,3.18,2013
TR-086,2022-01-15,8.0,70.94,36.63,26.26,7.44,11.2,49.2,22.6,0.87,2162
TR-086,2022-07-15,8.5,96.32,30.75,21.6,2.43,2.9,58.9,5.1,0.09,2366
TR-086,2023-01-15,9.0,39.47,61.86,24.32,15.89,1.92,52.7,24.7,1.92,2507
TR-086,2023-07-15,9.5,71.64,41.46,31.22,7.23,0.05,61.5,7.0,0.04,2712
TR-086,2024-01-15,10.0,70.96,48.2,22.87,11.3,0.05,60.2,24.0,0.29,2889
TR-087,2018-01-15,26.0,94.19,118.34,35.72,17.34,4.77,47.6,24.8,4.32,8931
TR-087,2018-07-15,26.5,150.39,147.32,43.43,29.71,0.21,48.8,11.0,1.2,9064
TR-087,2019-01-15,27.0,187.28,107.62,105.9,22.54,0.19,54.2,27.1,2.59,9295
TR-087,2019-07-15,27.5,129.78,164.88,65.13,14.41,0.05,60.5,8.4,0.73,9454
TR-087,2020-01-15,28.0,171.04,101.72,53.21,30.04,2.6,54.3,24.0,3.72,9642
TR-087,2020-07-15,28.5,202.28,122.17,177.21,35.72,36.55,66.1,10.3,3.16,9820
TR-087,2021-01-15,29.0,140.07,103.58,45.71,16.6,0.05,60.5,21.8,0.55,9987
TR-087,2021-07-15,29.5,272.74,199.77,103.63,47.91,0.05,63.1,5.9,2.78,10175
TR-087,2022-01-15,30.0,245.44,92.34,24.54,16.16,13.17,62.9,23.9,3.59,10350
TR-087,2022-07-15,30.5,247.58,153.31,57.58,65.16,0.05,62.5,10.6,2.63,10557
TR-087,2023-01-15,31.0,129.01,177.54,19.35,17.07,3.3,52.9,24.9,8.91,10760
TR-087,2023-07-15,31.5,117.0,233.38,85.35,42.7,0.25,55.6,10.2,9.25,10941
TR-087,2024-01-15,32.0,90.83,136.08,64.5,14.43,3.1,49.3,24.8,0.47,11096
TR-089,2018-01-15,11.0,58.15,29.74,48.35,7.24,0.05,66.8,23.2,0.21,3885
TR-089,2018-07-15,11.5,78.56,31.95,40.64,30.14,0.05,59.6,7.6,2.06,4063
TR-089,2019-01-15,12.0,55.78,52.16,19.19,23.17,0.09,66.7,24.5,1.72,4276
TR-089,2019-07-15,12.5,94.45,57.46,20.99,9.2,0.05,60.9,10.3,1.26,4452
TR-089,2020-01-15,13.0,84.02,59.13,14.21,8.1,1.06,58.8,24.4,2.42,4624
TR-089,2020-07-15,13.5,57.09,43.95,34.97,18.89,0.05,46.7,8.4,0.37,4847
TR-089,2021-01-15,14.0,89.85,50.52,17.29,6.2,0.66,53.2,24.0,1.67,5004
TR-089,2021-07-15,14.5,53.96,39.08,17.98,13.66,1.08,45.3,10.7,1.35,5205
TR-089,2022-01-15,15.0,81.36,48.62,14.02,8.37,7.04,46.0,25.8,1.55,5343
TR-089,2022-07-15,15.5,103.96,83.46,34.3,9.27,5.17,49.3,11.8,0.13,5558
TR-089,2023-01-15,16.0,128.7,89.45,31.14,12.79,0.05,48.4,27.0,0.33,5707
TR-089,2023-07-15,16.5,234.28,55.93,25.07,26.25,0.57,51.9,7.4,2.64,5913
TR-089,2024-01-15,17.0,143.45,139.78,93.47,53.31,9.07,56.0,24.2,3.77,6123
TR-090,2018-01-15,5.0,32.75,75.12,19.17,27.78,0.18,51.6,24.5,1.15,1444
TR-090,2018-07-15,5.5,69.99,23.59,17.56,7.82,0.05,54.6,9.4,1.8,1644
TR-090,2019-01-15,6.0,66.15,26.98,9.29,2.94,2.92,45.4,23.2,3.16,1842
TR-090,2019-07-15,6.5,24.56,35.92,2.68,5.7,0.05,51.6,8.5,2.64,2010
TR-090,2020-01-15,7.0,46.5,31.52,14.12,17.63,0.05,48.7,27.0,3.58,2176
TR-090,2020-07-15,7.5,49.15,28.65,21.0,6.52,9.1,50.1,9.9,1.83,2386
TR-090,2021-01-15,8.0,66.58,29.15,27.44,25.94,0.09,53.7,23.8,5.11,2556
TR-090,2021-07-15,8.5,47.19,33.23,18.51,17.04,3.75,54.1,9.2,1.53,2724
TR-090,2022-01-15,9.0,77.55,29.63,19.39,5.91,0.41,51.7,26.7,1.65,2937
TR-090,2022-07-15,9.5,33.43,58.77,36.2,14.4,0.05,58.8,10.1,3.1,3120
TR-090,2023-01-15,10.0,103.62,59.21,27.87,21.51,0.55,60.0,25.1,0.26,3263
TR-090,2023-07-15,10.5,45.28,44.86,12.69,3.94,0.05,58.5,6.2,0.58,3448
TR-090,2024-01-15,11.0,72.31,79.37,12.35,4.72,0.05,60.9,28.1,0.93,3634
TR-093,2018-01-15,26.0,823.27,99.67,44.01,120.11,0.05,59.5,26.5,2.25,9468
TR-093,2018-07-15,26.5,1215.13,397.69,173.17,28.59,26.71,58.1,7.6,0.05,9648
TR-093,2019-01-15,27.0,705.06,502.16,112.12,282.42,0.05,65.9,29.0,0.93,9844
TR-093,2019-07-15,27.5,1858.88,238.99,171.2,351.4,0.11,66.1,7.9,2.34,10017
TR-093,2020-01-15,28.0,880.78,287.93,290.8,38.13,68.8,68.4,27.9,0.49,10165
TR-093,2020-07-15,28.5,1443.73,565.26,421.72,353.78,1.93,62.7,8.7,1.76,10377
TR-093,2021-01-15,29.0,896.27,171.2,111.63,72.96,8.56,72.1,26.3,2.44,10570
TR-093,2021-07-15,29.5,1200.2,497.56,18.04,84.22,0.63,71.2,10.3,4.01,10716
TR-094,2018-01-15,4.0,28.74,137.66,61.35,37.72,0.9,64.2,25.3,1.31,380
TR-094,2018-07-15,4.5,58.74,141.35,119.9,27.7,0.5,57.1,6.4,2.45,582
TR-094,2019-01-15,5.0,31.51,145.18,65.05,54.73,2.72,58.3,25.2,2.66,721
TR-094,2019-07-15,5.5,35.1,199.62,64.37,65.16,0.08,64.4,11.3,0.49,945
TR-094,2020-01-15,6.0,56.44,134.52,114.79,73.29,0.05,54.1,26.3,0.85,1083
TR-094,2020-07-15,6.5,84.97,138.54,116.57,19.13,16.11,49.7,9.4,0.7,1295
TR-094,2021-01-15,7.0,89.9,253.83,183.86,73.9,0.05,56.0,25.1,1.59,1501
TR-094,2021-07-15,7.5,73.0,242.23,33.98,45.68,0.05,49.4,8.8,0.14,1680
TR-094,2022-01-15,8.0,98.1,232.48,62.57,9.64,25.7,59.3,26.4,0.04,1837
TR-094,2022-07-15,8.5,33.82,336.97,80.75,100.3,0.05,62.4,8.8,6.01,1996
TR-094,2023-01-15,9.0,114.9,293.22,181.38,57.62,0.05,61.6,25.9,2.81,2187
TR-094,2023-07-15,9.5,73.08,444.08,176.02,72.23,0.05,66.5,8.3,0.77,2400
TR-094,2024-01-15,10.0,23.56,234.83,72.88,106.01,0.83,68.7,24.4,1.09,2554
TR-095,2018-01-15,4.0,40.09,33.55,4.4,4.53,2.11,52.6,24.5,2.01,939
TR-095,2018-04-15,4.25,44.94,22.25,15.01,9.57,0.99,51.8,20.6,7.22,1018
TR-095,2018-07-15,4.5,22.51,19.21,14.29,1.93,0.05,59.2,10.6,6.07,1098
TR-095,2018-10-15,4.75,41.41,20.22,23.1,16.3,0.3,57.2,12.7,0.83,1210
TR-095,2019-01-15,5.0,50.68,33.74,7.56,25.93,0.82,48.5,23.5,0.77,1281
TR-095,2019-04-15,5.25,28.88,8.93,5.63,6.81,1.82,54.2,20.0,0.11,1380
TR-095,2019-07-15,5.5,33.57,32.63,12.94,8.23,5.5,50.7,9.1,5.96,1488
TR-095,2019-10-15,5.75,48.85,10.01,10.11,3.88,0.89,46.4,9.9,0.97,1546
TR-095,2020-01-15,6.0,27.84,20.57,12.3,8.73,0.05,47.1,26.9,6.79,1617
TR-095,2020-04-15,6.25,45.81,25.04,9.95,2.9,0.56,47.6,20.9,0.55,1744
TR-095,2020-07-15,6.5,41.6,24.79,7.3,12.64,0.05,49.0,8.4,1.14,1805
TR-095,2020-10-15,6.75,35.51,38.58,11.09,4.55,0.53,47.4,12.3,3.13,1897
TR-095,2021-01-15,7.0,40.65,25.3,7.17,16.89,1.78,44.3,27.6,0.28,2006
TR-095,2021-04-15,7.25,64.31,23.41,12.11,4.86,0.24,41.7,23.5,3.74,2115
TR-095,2021-07-15,7.5,60.35,37.77,11.08,7.78,6.27,53.0,7.6,0.58,2174
TR-095,2021-10-15,7.75,53.4,36.29,6.24,15.91,1.78,43.2,10.3,0.16,2310
TR-095,2022-01-15,8.0,34.48,21.02,9.9,3.66,3.54,50.4,26.3,2.61,2353
TR-095,2022-04-15,8.25,42.01,12.93,14.43,6.29,0.08,46.8,22.6,2.35,2452
TR-095,2022-07-15,8.5,36.29,35.91,16.73,12.61,0.32,54.8,7.2,0.29,2579
TR-095,2022-10-15,8.75,48.04,33.71,8.77,18.33,0.08,52.6,13.5,0.46,2646
TR-095,2023-01-15,9.0,82.56,21.88,4.92,7.29,0.05,49.5,21.6,1.38,2756
TR-095,2023-04-15,9.25,51.95,23.79,15.04,7.69,0.4,50.1,20.2,1.54,2856
TR-095,2023-07-15,9.5,51.21,33.7,32.19,10.58,0.05,63.0,7.2,0.7,2898
TR-095,2023-10-15,9.75,90.81,56.07,18.39,14.63,0.3,51.9,9.0,0.04,3026
TR-095,2024-01-15,10.0,53.33,24.16,12.73,4.87,2.69,60.4,27.6,0.54,3125
TR-096,2018-01-15,7.0,219.17,69.41,26.6,4.58,8.64,60.3,23.8,5.38,1805
TR-096,2018-04-15,7.3333333333332575,405.65,69.87,20.26,9.12,0.47,56.2,17.9,0.88,1952
TR-096,2018-08-15,7.666666666666515,384.97,46.99,53.22,17.32,55.75,55.5,10.1,0.17,2062
TR-096,2018-12-15,7.999999999999773,302.83,74.47,33.43,31.4,5.14,57.9,24.7,0.1,2174
TR-096,2019-04-15,8.33333333333303,331.78,98.79,73.39,29.13,0.39,67.4,16.6,2.47,2321
TR-096,2019-08-15,8.666666666666288,258.01,203.69,51.71,6.97,0.33,57.8,7.0,3.3,2405
TR-096,2019-12-15,8.999999999999545,394.64,116.45,15.92,35.71,0.05,58.6,23.6,11.3,2567
TR-096,2020-04-15,9.333333333332803,479.43,131.47,53.32,20.0,6.45,64.2,19.6,0.37,2656
TR-096,2020-08-15,9.66666666666606,340.0,49.26,39.03,13.16,7.58,68.8,7.8,4.63,2775
TR-096,2020-12-15,9.999999999999318,365.95,95.36,91.08,55.39,0.2,67.0,25.3,0.66,2904
TR-096,2021-04-15,10.333333333332575,536.48,164.75,21.53,42.62,9.08,62.9,19.3,0.68,3041
TR-096,2021-08-15,10.666666666665833,635.71,179.59,120.63,13.39,0.06,66.8,8.7,0.23,3141
TR-096,2021-12-15,10.99999999999909,434.46,64.11,37.85,1.82,17.5,63.1,25.3,0.14,3249
TR-096,2022-04-15,11.333333333332348,476.78,160.26,69.07,21.88,65.01,75.9,18.5,1.71,3398
TR-096,2022-08-15,11.666666666665606,314.86,143.73,107.16,48.14,5.88,77.9,8.7,5.7,3536
TR-096,2022-12-15,11.999999999998863,428.62,120.1,39.77,132.38,0.2,70.4,23.2,0.6,3645
TR-096,2023-04-15,12.33333333333212,668.03,200.77,176.41,52.57,0.38,69.4,20.5,0.07,3781
TR-096,2023-08-15,12.666666666665378,320.75,87.43,83.59,17.2,0.05,60.7,10.1,3.28,3906
TR-096,2023-12-15,12.999999999998636,497.66,211.31,138.64,47.63,9.67,69.3,24.6,7.48,4031
TR-098,2018-01-15,14.0,83.68,44.11,15.38,9.34,1.4,49.0,25.9,1.05,4918
TR-098,2018-07-15,14.5,107.9,41.58,41.27,16.25,0.18,52.8,9.0,0.13,5122
TR-098,2019-01-15,15.0,75.78,46.16,11.09,6.77,3.41,51.5,24.3,3.6,5298
TR-098,2019-07-15,15.5,121.04,25.82,38.49,24.78,0.19,48.2,8.9,1.19,5519
TR-098,2020-01-15,16.0,62.94,76.65,47.92,10.29,0.05,49.0,25.6,1.81,5650
TR-098,2020-07-15,16.5,82.2,94.35,29.88,6.35,14.87,48.9,7.8,0.39,5863
TR-098,2021-01-15,17.0,67.26,79.62,41.7,15.27,0.77,48.5,23.8,1.08,6019
TR-098,2021-07-15,17.5,95.39,50.36,16.33,18.05,11.4,50.7,10.2,1.72,6213
TR-098,2022-01-15,18.0,134.3,46.73,12.09,2.41,0.54,52.3,26.2,1.87,6429
TR-098,2022-07-15,18.5,156.35,104.97,59.7,23.96,11.3,59.1,7.9,0.81,6589
TR-098,2023-01-15,19.0,168.97,106.45,16.74,2.41,0.16,57.8,25.2,2.25,6786
TR-098,2023-07-15,19.5,140.85,106.71,23.8,6.07,0.05,63.8,10.3,1.74,6966
TR-098,2024-01-15,20.0,176.86,65.97,9.42,27.85,0.05,60.5,24.6,1.85,7118
TR-099,2018-01-15,21.0,87.26,68.47,22.26,15.04,0.95,64.1,24.7,6.95,7235
TR-099,2018-04-15,21.333333333333258,79.85,145.68,33.31,94.27,0.07,63.5,19.0,0.68,7353
TR-099,2018-08-15,21.666666666666515,286.32,70.43,23.18,43.01,5.77,59.3,7.0,3.16,7475
TR-099,2018-12-15,21.999999999999773,171.86,74.34,41.68,13.71,12.2,58.0,27.5,0.34,7552
TR-099,2019-04-15,22.33333333333303,196.47,134.64,13.2,15.94,0.85,61.9,16.8,0.03,7711
TR-099,2019-08-15,22.666666666666288,119.26,91.69,27.9,41.93,1.17,52.7,9.0,0.85,7812
TR-099,2019-12-15,22.999999999999545,103.99,69.81,44.06,28.49,0.05,55.6,27.3,2.07,7919
TR-099,2020-04-15,23.333333333332803,149.44,125.9,36.98,16.91,3.1,47.3,16.5,1.99,8072
TR-099,2020-08-15,23.66666666666606,66.76,58.12,31.25,26.59,29.4,50.5,7.6,3.73,8212
TR-099,2020-12-15,23.999999999999318,162.69,46.04,87.32,8.55,0.61,47.1,26.0,0.75,8339
TR-099,2021-04-15,24.333333333332575,104.39,81.99,29.92,20.89,0.09,39.4,17.1,1.53,8402
TR-099,2021-08-15,24.666666666665833,105.42,71.22,28.68,36.57,0.05,48.6,7.1,0.8,8549
TR-099,2021-12-15,24.99999999999909,178.55,155.46,39.72,89.28,13.05,43.6,25.5,3.7,8663
TR-099,2022-04-15,25.333333333332348,312.58,145.47,4.64,19.08,0.05,47.9,18.8,0.94,8786
TR-099,2022-08-15,25.666666666665606,168.9,101.94,14.71,26.85,0.05,47.6,5.0,0.47,8935
TR-099,2022-12-15,25.999999999998863,118.02,188.49,42.62,43.86,5.07,50.2,25.5,1.96,9029
TR-099,2023-04-15,26.33333333333212,113.93,77.69,44.03,42.78,0.69,51.9,19.7,2.16,9143
TR-099,2023-08-15,26.666666666665378,146.27,85.3,64.16,12.26,0.24,47.7,7.4,2.36,9302
TR-099,2023-12-15,26.999999999998636,141.07,55.35,59.67,19.36,0.05,61.6,26.5,2.54,9421
TR-101,2018-01-15,11.0,135.3,518.09,102.44,56.74,11.92,72.6,26.8,2.79,3913
TR-101,2018-04-15,11.25,107.26,400.13,217.54,63.33,9.14,67.1,22.5,7.05,4001
TR-101,2018-07-15,11.5,303.05,456.88,167.02,90.27,0.34,76.0,9.2,2.21,4121
TR-101,2018-10-15,11.75,99.27,225.27,157.31,144.16,6.31,66.6,9.7,1.86,4181
TR-101,2019-01-15,12.0,209.15,422.04,122.02,84.65,9.1,65.0,22.8,2.34,4273
TR-101,2019-04-15,12.25,158.86,348.89,119.8,122.78,8.03,68.2,21.5,1.93,4410
TR-101,2019-07-15,12.5,107.17,241.36,80.14,81.16,13.94,65.7,10.0,0.13,4484
TR-101,2019-10-15,12.75,73.99,553.8,152.29,95.57,4.29,67.7,12.3,1.85,4544
TR-101,2020-01-15,13.0,111.74,183.31,206.16,68.58,0.3,65.7,24.7,3.24,4634
TR-101,2020-04-15,13.25,137.41,607.6,100.65,144.19,0.05,61.2,19.8,3.71,4723
TR-101,2020-07-15,13.5,113.27,253.82,265.46,139.89,0.05,58.2,8.0,1.95,4855
TR-101,2020-10-15,13.75,96.32,393.62,148.85,134.71,0.05,60.1,13.9,3.67,4926
TR-101,2021-01-15,14.0,166.7,453.13,235.18,26.89,6.23,63.9,23.0,0.19,5008
TR-101,2021-04-15,14.25,115.84,261.25,102.9,40.99,7.98,52.5,23.3,0.36,5136
TR-101,2021-07-15,14.5,41.55,414.8,162.26,28.37,0.66,53.6,8.3,3.11,5192
TR-101,2021-10-15,14.75,94.74,315.55,88.99,119.59,0.05,56.2,10.1,2.43,5317
TR-101,2022-01-15,15.0,57.09,409.39,37.67,28.81,13.06,51.4,23.4,0.42,5397
TR-101,2022-04-15,15.25,197.62,473.53,94.71,149.09,8.09,53.3,24.2,3.26,5488
TR-101,2022-07-15,15.5,130.61,345.6,49.38,72.38,2.4,54.8,10.0,1.39,5554
TR-101,2022-10-15,15.75,350.47,440.57,116.08,119.15,0.41,48.4,9.9,2.76,5676
TR-101,2023-01-15,16.0,145.21,250.6,167.78,56.96,2.77,52.6,25.2,2.04,5736
TR-101,2023-04-15,16.25,131.46,290.31,104.46,34.59,10.09,57.0,23.0,0.05,5862
TR-101,2023-07-15,16.5,68.57,523.69,205.29,50.41,32.09,51.0,8.0,1.33,5957
TR-101,2023-10-15,16.75,229.59,357.11,103.83,139.43,0.05,54.6,9.1,0.14,6018
TR-101,2024-01-15,17.0,233.71,419.83,133.36,157.05,11.78,54.9,24.8,4.35,6117
TR-102,2018-01-15,15.0,60.64,88.15,52.47,9.07,8.04,48.7,23.4,2.19,4850
TR-102,2018-04-15,15.333333333333258,111.72,82.61,23.35,18.3,0.47,50.4,17.3,4.32,4974
TR-102,2018-08-15,15.666666666666515,159.34,64.56,54.78,9.6,1.16,50.2,11.1,0.47,5115
TR-102,2018-12-15,15.999999999999773,172.57,73.17,11.22,21.59,0.05,52.5,25.8,3.41,5213
TR-102,2019-04-15,16.33333333333303,89.84,145.43,22.28,24.04,4.13,43.8,18.8,0.2,5342
TR-102,2019-08-15,16.666666666666288,123.47,45.36,87.55,30.42,33.57,51.2,10.0,1.75,5450
TR-102,2019-12-15,16.999999999999545,57.58,34.52,46.47,15.58,2.36,53.2,25.3,2.74,5588
TR-102,2020-04-15,17.333333333332803,122.16,92.94,38.14,30.95,0.05,48.8,19.4,0.22,5678
TR-102,2020-08-15,17.66666666666606,89.41,26.57,26.94,11.87,0.53,49.0,3.9,1.95,5806
TR-102,2020-12-15,17.999999999999318,46.5,80.79,63.01,14.61,4.72,53.5,28.7,2.21,5926
TR-102,2021-04-15,18.333333333332575,123.45,74.61,17.55,7.91,0.05,54.0,18.9,12.6,6050
TR-102,2021-08-15,18.666666666665833,89.61,92.11,62.4,0.79,0.05,57.7,9.5,0.1,6208
TR-102,2021-12-15,18.99999999999909,100.31,176.48,40.33,45.36,2.09,64.3,22.8,0.1,6314
TR-102,2022-04-15,19.333333333332348,157.67,83.21,67.76,16.3,0.22,61.1,18.7,0.13,6415
TR-102,2022-08-15,19.666666666665606,78.85,191.14,74.58,30.27,0.13,68.0,7.0,1.55,6540
TR-102,2022-12-15,19.999999999998863,71.45,80.7,38.32,24.19,1.68,60.1,27.6,1.82,6664
TR-102,2023-04-15,20.33333333333212,151.06,64.53,50.14,24.69,0.05,62.8,15.7,9.05,6800
TR-102,2023-08-15,20.666666666665378,196.12,124.72,83.93,90.88,0.05,66.5,6.8,3.85,6913
TR-102,2023-12-15,20.999999999998636,64.75,53.95,24.29,31.21,18.57,58.3,23.8,0.91,7049
TR-103,2018-01-15,14.0,308.98,330.68,74.96,38.18,0.09,59.0,25.0,1.11,5083
TR-103,2018-04-15,14.25,530.66,153.17,81.35,54.9,17.04,61.7,20.6,3.41,5128
TR-103,2018-07-15,14.5,592.97,184.2,24.55,19.59,8.59,53.9,7.3,4.89,5250
TR-103,2018-10-15,14.75,518.22,267.39,101.12,33.95,20.24,52.2,11.6,4.77,5363
TR-103,2019-01-15,15.0,475.59,441.66,44.63,40.44,3.8,49.3,27.9,0.62,5443
TR-103,2019-04-15,15.25,689.22,116.5,99.36,108.58,28.88,60.1,24.5,3.02,5515
TR-103,2019-07-15,15.5,659.7,63.54,44.82,63.59,18.56,52.9,11.0,1.47,5595
TR-103,2019-10-15,15.75,440.93,338.33,59.96,34.96,13.98,51.2,13.5,2.02,5693
TR-103,2020-01-15,16.0,194.32,150.09,25.48,19.76,24.68,48.8,25.6,4.57,5774
TR-103,2020-04-15,16.25,549.79,172.48,111.46,143.48,20.69,55.5,23.3,1.5,5913
TR-103,2020-07-15,16.5,350.54,279.98,74.87,35.85,34.81,53.1,9.3,2.56,5993
TR-103,2020-10-15,16.75,490.68,251.67,23.19,41.78,0.05,58.0,9.0,0.05,6085
TR-103,2021-01-15,17.0,264.73,99.48,125.82,49.23,6.12,48.5,25.2,0.35,6142
TR-103,2021-04-15,17.25,580.42,135.3,160.37,37.9,35.25,63.8,24.2,1.68,6261
TR-103,2021-07-15,17.5,622.06,129.04,48.89,27.29,6.13,53.5,6.3,1.14,6331
TR-103,2021-10-15,17.75,539.54,309.08,51.25,1.0,0.07,61.2,12.0,1.29,6425
TR-103,2022-01-15,18.0,541.03,90.11,52.38,81.07,15.75,63.3,25.7,0.91,6525
TR-103,2022-04-15,18.25,960.6,355.44,77.54,118.47,0.25,63.8,24.8,0.89,6643
TR-103,2022-07-15,18.5,523.0,377.56,80.91,128.85,20.34,60.3,6.3,11.7,6734
TR-103,2022-10-15,18.75,930.75,204.66,119.18,72.92,20.67,69.7,12.4,0.79,6801
TR-103,2023-01-15,19.0,792.47,124.06,244.8,311.93,56.65,63.3,24.4,2.11,6879
TR-103,2023-04-15,19.25,948.54,166.57,358.49,155.44,0.05,74.9,21.8,0.08,7000
TR-103,2023-07-15,19.5,452.32,157.5,35.99,51.11,0.05,67.0,10.3,3.02,7061
TR-103,2023-10-15,19.75,551.14,222.23,96.31,60.52,159.83,59.5,8.7,0.39,7147
TR-103,2024-01-15,20.0,864.85,76.64,257.63,30.54,0.08,71.9,23.8,2.26,7279
TR-106,2018-01-15,26.0,181.62,81.48,60.13,12.01,0.05,48.9,24.9,4.61,9472
TR-106,2018-04-15,26.333333333333258,116.22,165.57,24.51,37.63,0.05,46.6,15.7,2.42,9563
TR-106,2018-08-15,26.666666666666515,147.35,53.25,37.01,18.37,2.9,55.7,7.3,2.26,9712
TR-106,2018-12-15,26.999999999999773,151.49,84.58,32.6,17.45,0.15,54.3,25.7,2.45,9830
TR-106,2019-04-15,27.33333333333303,245.6,99.55,166.98,94.79,0.05,63.1,17.7,0.23,9965
TR-106,2019-08-15,27.666666666666288,276.02,261.15,61.61,37.11,2.07,58.9,7.9,2.02,10062
TR-106,2019-12-15,27.999999999999545,250.66,263.98,57.48,13.86,0.24,65.9,25.4,4.34,10220
TR-106,2020-04-15,28.333333333332803,119.15,126.51,54.91,66.47,4.81,65.3,15.5,1.1,10322
TR-106,2020-08-15,28.66666666666606,169.47,91.68,92.75,18.56,39.39,66.1,6.8,1.74,10436
TR-106,2020-12-15,28.999999999999318,230.72,79.59,11.96,32.78,1.04,66.4,25.8,1.38,10551
TR-106,2021-04-15,29.333333333332575,173.68,141.24,61.35,31.0,0.1,60.1,17.5,1.22,10702
TR-106,2021-08-15,29.666666666665833,203.89,207.46,57.08,49.63,0.05,62.3,7.0,1.11,10782
TR-106,2021-12-15,29.99999999999909,189.84,165.24,210.17,50.48,35.9,63.8,27.8,1.77,10952
TR-106,2022-04-15,30.333333333332348,198.47,102.45,74.27,14.85,15.59,63.9,18.9,0.85,11024
TR-106,2022-08-15,30.666666666665606,189.03,77.17,54.38,41.1,9.74,59.8,7.1,4.45,11200
TR-106,2022-12-15,30.999999999998863,177.7,95.24,76.84,12.44,0.07,50.8,21.9,1.02,11263
TR-106,2023-04-15,31.33333333333212,142.25,122.0,27.92,97.7,4.85,60.3,17.2,2.38,11387
TR-106,2023-08-15,31.666666666665378,79.63,56.59,44.18,36.58,19.88,57.5,6.9,1.19,11522
TR-106,2023-12-15,31.999999999998636,171.87,60.18,58.46,72.94,0.05,48.3,23.0,0.35,11628
TR-107,2018-01-15,19.0,107.29,90.0,40.85,7.03,1.34,71.6,26.2,0.19,6792
TR-107,2018-04-15,19.25,196.91,129.07,29.39,26.85,2.14,66.7,24.5,10.07,6929
TR-107,2018-07-15,19.5,138.31,109.81,24.48,27.04,0.13,57.1,9.3,0.36,7001
TR-107,2018-10-15,19.75,75.43,59.6,90.98,17.04,14.18,58.2,10.8,0.77,7113
TR-107,2019-01-15,20.0,188.54,90.7,44.51,27.85,0.07,61.9,26.5,0.56,7188
TR-107,2019-04-15,20.25,196.14,84.32,26.87,41.89,3.27,64.6,21.1,1.04,7251
TR-107,2019-07-15,20.5,182.19,80.77,58.37,29.98,0.43,60.3,9.2,0.85,7350
TR-107,2019-10-15,20.75,114.59,45.09,52.34,24.43,0.05,51.6,12.5,0.35,7474
TR-107,2020-01-15,21.0,183.62,77.79,32.37,16.04,9.09,65.7,26.2,2.69,7539
TR-107,2020-04-15,21.25,109.03,86.22,118.22,34.3,0.05,62.1,21.7,0.89,7651
TR-107,2020-07-15,21.5,79.49,128.08,20.25,40.43,5.49,62.8,9.5,2.05,7711
TR-107,2020-10-15,21.75,182.36,86.79,78.58,60.27,0.05,63.5,9.4,2.79,7800
TR-107,2021-01-15,22.0,107.12,127.58,31.45,58.35,0.09,66.6,27.8,0.68,7924
TR-107,2021-04-15,22.25,155.65,109.02,8.8,54.57,1.01,56.8,20.7,1.03,8021
TR-107,2021-07-15,22.5,142.69,53.25,33.14,39.77,3.28,53.8,9.8,1.48,8108
TR-107,2021-10-15,22.75,133.61,82.22,32.51,10.11,0.05,54.2,11.0,2.68,8202
TR-107,2022-01-15,23.0,130.76,80.51,55.11,46.99,16.52,57.0,25.5,0.43,8268
TR-107,2022-04-15,23.25,55.24,85.9,90.06,17.92,2.06,48.1,23.1,0.41,8340
TR-107,2022-07-15,23.5,176.57,97.12,47.13,34.63,14.36,51.5,6.9,1.39,8458
TR-107,2022-10-15,23.75,127.36,127.83,37.02,19.22,1.09,44.2,13.2,0.28,8534
TR-107,2023-01-15,24.0,106.39,182.98,78.42,10.46,5.64,49.0,27.4,2.4,8657
TR-107,2023-04-15,24.25,131.89,83.36,20.33,73.23,3.67,51.6,21.3,2.34,8721
TR-107,2023-07-15,24.5,180.64,85.01,21.41,27.1,0.07,36.1,10.2,1.68,8803
TR-107,2023-10-15,24.75,178.37,146.73,41.23,53.89,7.04,48.0,11.6,0.54,8888
TR-107,2024-01-15,25.0,177.6,58.4,56.95,25.02,3.89,49.6,24.9,6.92,9029
TR-110,2018-01-15,11.0,88.55,288.98,88.03,92.73,1.79,64.0,29.4,1.07,2980
TR-110,2018-04-15,11.25,162.14,399.09,121.08,41.82,6.72,62.6,20.7,0.22,3049
TR-110,2018-07-15,11.5,37.31,294.56,188.99,38.1,0.32,67.4,8.0,0.13,3160
TR-110,2018-10-15,11.75,187.36,458.68,116.97,178.28,2.67,70.7,11.5,0.36,3254
TR-110,2019-01-15,12.0,116.52,200.05,396.05,111.26,30.05,65.6,22.1,0.09,3340
TR-110,2019-04-15,12.25,99.56,553.39,73.1,75.38,1.15,68.6,23.2,3.91,3425
TR-110,2019-07-15,12.5,67.95,431.48,84.86,125.56,0.92,68.2,10.7,0.72,3541
TR-110,2019-10-15,12.75,146.82,580.91,179.67,353.82,0.05,67.5,11.3,0.67,3611
TR-110,2020-01-15,13.0,139.95,353.71,175.65,126.09,0.3,64.8,27.9,0.83,3693
TR-110,2020-04-15,13.25,62.09,284.23,119.44,74.17,2.44,61.1,19.9,2.66,3790
TR-110,2020-07-15,13.5,121.63,422.71,142.2,51.75,1.67,63.5,9.8,0.91,3878
TR-110,2020-10-15,13.75,181.17,302.35,175.07,84.23,0.17,66.3,9.7,0.22,3942
TR-110,2021-01-15,14.0,112.58,605.37,231.49,63.91,2.71,63.4,22.6,0.5,4035
TR-110,2021-04-15,14.25,124.33,350.87,129.42,104.61,0.97,58.6,21.8,2.18,4141
TR-110,2021-07-15,14.5,94.66,471.6,154.47,186.8,12.99,56.4,8.4,1.67,4229
TR-110,2021-10-15,14.75,123.26,568.2,190.07,64.88,10.85,63.2,10.7,3.46,4358
TR-110,2022-01-15,15.0,118.77,247.33,162.84,24.9,0.07,51.2,26.3,3.92,4396
TR-111,2018-01-15,28.0,116.21,124.75,24.77,12.05,1.67,58.2,28.1,0.34,9439
TR-111,2018-04-15,28.333333333333258,158.22,62.94,48.14,19.49,0.05,54.0,17.5,0.14,9555
TR-111,2018-08-15,28.666666666666515,155.36,103.4,43.6,47.94,12.51,64.5,8.8,2.21,9642
TR-111,2018-12-15,28.999999999999773,262.75,138.88,205.63,56.17,0.09,65.1,27.7,0.7,9802
TR-111,2019-04-15,29.33333333333303,101.65,89.89,101.41,56.96,2.23,62.1,16.5,0.19,9935
TR-111,2019-08-15,29.666666666666288,174.78,40.97,36.6,12.2,2.05,59.0,6.4,2.58,10030
TR-111,2019-12-15,29.999999999999545,175.03,153.59,30.4,72.45,0.48,72.3,26.1,2.73,10187
TR-111,2020-04-15,30.333333333332803,235.26,121.14,33.08,20.24,3.36,64.2,19.6,0.16,10265
TR-111,2020-08-15,30.66666666666606,164.96,123.18,115.55,17.68,0.06,59.9,8.3,1.29,10421
TR-111,2020-12-15,30.999999999999318,321.5,171.34,49.61,51.8,0.05,59.8,29.2,4.25,10515
TR-111,2021-04-15,31.333333333332575,156.93,126.35,67.08,135.89,0.25,54.9,19.3,0.95,10643
TR-111,2021-08-15,31.666666666665833,121.56,74.17,73.17,52.07,0.05,48.8,8.9,0.19,10746
TR-111,2021-12-15,31.99999999999909,217.71,124.28,37.41,11.72,0.93,52.4,24.5,0.16,10917
TR-111,2022-04-15,32.33333333333235,169.13,181.52,74.02,106.18,0.05,53.4,17.3,0.96,11022
TR-111,2022-08-15,32.666666666665606,166.17,83.9,53.06,24.01,4.31,48.6,7.0,2.76,11128
TR-111,2022-12-15,32.99999999999886,233.72,79.15,119.04,62.4,0.05,50.6,24.8,1.92,11270
TR-111,2023-04-15,33.33333333333212,106.53,90.02,58.21,53.38,0.77,39.7,17.0,1.64,11392
TR-111,2023-08-15,33.66666666666538,189.97,92.26,67.53,68.39,0.05,50.7,9.3,0.19,11471
TR-111,2023-12-15,33.999999999998636,138.4,167.74,104.22,14.03,6.42,50.1,23.8,4.51,11627
TR-112,2018-01-15,2.0,75.35,97.63,43.46,37.42,18.17,69.3,24.8,3.68,30
TR-112,2018-04-15,2.25,48.08,152.21,37.44,18.93,0.36,77.2,23.1,2.61,30
TR-112,2018-07-15,2.5,17.29,115.73,27.41,42.6,0.49,70.8,7.5,2.3,30
TR-112,2018-10-15,2.75,13.4,96.77,57.45,37.84,0.05,68.0,9.4,5.26,30
TR-112,2019-01-15,3.0,20.99,174.61,36.12,19.21,1.14,66.3,24.4,2.52,30
TR-112,2019-04-15,3.25,45.48,67.55,14.75,41.39,0.09,61.7,21.8,1.66,115
TR-112,2019-07-15,3.5,104.22,113.26,24.71,45.2,0.05,72.7,9.2,1.06,183
TR-112,2019-10-15,3.75,10.99,97.09,36.92,42.25,4.76,73.0,12.3,5.93,275
TR-112,2020-01-15,4.0,75.55,189.44,82.91,54.08,0.33,67.3,28.7,3.72,376
TR-112,2020-04-15,4.25,29.3,168.86,64.97,15.17,0.05,60.8,21.8,1.13,432
TR-112,2020-07-15,4.5,35.16,171.02,82.86,70.09,6.19,56.4,8.6,4.64,530
TR-112,2020-10-15,4.75,37.91,141.03,108.76,40.71,13.94,57.1,10.3,1.21,644
TR-112,2021-01-15,5.0,59.07,264.86,64.55,32.13,5.25,60.2,24.3,1.16,707
TR-112,2021-04-15,5.25,15.56,287.79,54.45,78.65,2.48,63.4,21.4,0.64,811
TR-112,2021-07-15,5.5,40.21,206.75,85.36,62.97,0.05,54.2,9.8,7.06,943
TR-112,2021-10-15,5.75,120.82,174.22,75.85,120.52,0.05,57.7,9.0,2.8,1027
TR-112,2022-01-15,6.0,73.07,148.4,36.07,79.04,0.05,62.0,23.6,0.38,1076
TR-112,2022-04-15,6.25,70.73,164.47,52.07,53.37,0.05,49.5,24.7,1.31,1219
TR-112,2022-07-15,6.5,45.83,147.44,88.07,60.73,0.13,51.3,7.1,6.29,1277
TR-112,2022-10-15,6.75,49.24,213.74,100.55,33.95,1.48,66.2,9.0,4.22,1360
TR-112,2023-01-15,7.0,62.4,239.04,41.2,25.06,0.05,46.1,26.4,1.08,1488
TR-112,2023-04-15,7.25,100.07,176.38,99.88,80.28,0.05,56.2,20.5,0.9,1581
TR-112,2023-07-15,7.5,63.88,184.65,73.62,40.35,6.36,49.6,10.9,0.35,1633
TR-112,2023-10-15,7.75,77.39,235.86,156.58,96.12,4.97,51.8,10.2,0.75,1731
TR-112,2024-01-15,8.0,54.33,284.68,214.61,86.93,14.32,53.2,24.8,1.77,1821
TR-116,2018-01-15,19.0,87.74,548.91,213.2,165.83,14.16,64.0,25.2,1.38,6008
TR-116,2018-04-15,19.333333333333258,111.58,443.85,257.09,148.07,0.14,65.5,17.8,0.45,6096
TR-116,2018-08-15,19.666666666666515,288.38,642.31,261.28,32.3,0.68,72.7,9.2,1.23,6260
TR-116,2018-12-15,19.999999999999773,161.23,451.91,65.52,131.59,0.05,60.9,25.6,3.8,6397
TR-116,2019-04-15,20.33333333333303,76.99,291.85,220.14,93.52,3.77,62.8,19.0,1.29,6473
TR-116,2019-08-15,20.666666666666288,174.88,276.6,152.97,192.73,16.44,68.2,7.5,1.4,6599
TR-116,2019-12-15,20.999999999999545,329.78,956.92,125.82,173.47,0.05,64.6,25.5,1.47,6738
TR-116,2020-04-15,21.333333333332803,45.65,477.68,223.93,217.14,1.82,66.0,18.3,0.68,6833
TR-116,2020-08-15,21.66666666666606,115.2,687.93,221.57,136.84,4.18,61.6,8.3,0.27,6970
TR-116,2020-12-15,21.999999999999318,226.79,869.03,261.82,248.17,0.05,64.8,24.9,3.53,7112
TR-116,2021-04-15,22.333333333332575,190.3,522.59,181.23,111.16,0.88,58.2,20.6,2.83,7205
TR-116,2021-08-15,22.666666666665833,302.46,1075.06,353.72,341.4,0.1,64.2,7.9,0.82,7336
TR-116,2021-12-15,22.99999999999909,166.0,817.9,149.96,63.88,3.81,58.8,23.1,4.7,7434
TR-116,2022-04-15,23.333333333332348,124.57,368.61,194.99,114.94,8.3,52.3,18.9,1.17,7592
TR-116,2022-08-15,23.666666666665606,39.99,506.4,143.2,63.24,0.05,55.4,8.6,1.5,7704
TR-116,2022-12-15,23.999999999998863,109.52,409.1,239.35,133.09,0.05,55.5,24.8,0.14,7820
TR-116,2023-04-15,24.33333333333212,403.69,534.46,303.36,131.31,6.73,55.5,18.7,1.33,7967
TR-117,2018-01-15,4.0,15.95,196.54,6.87,82.61,13.47,57.8,26.3,0.02,1346
TR-117,2018-07-15,4.5,17.69,179.56,21.78,100.73,0.18,57.3,9.5,2.25,1581
TR-117,2019-01-15,5.0,14.17,221.87,55.21,85.55,0.05,50.3,23.7,5.27,1733
TR-117,2019-07-15,5.5,7.69,155.7,25.23,96.7,0.71,55.1,8.6,0.28,1930
TR-117,2020-01-15,6.0,32.24,230.6,90.89,339.49,0.05,56.2,25.9,1.37,2111
TR-117,2020-07-15,6.5,55.11,149.47,19.83,86.56,0.14,58.7,7.7,2.79,2277
TR-117,2021-01-15,7.0,14.52,147.64,26.96,193.03,0.18,49.3,25.6,0.99,2476
TR-117,2021-07-15,7.5,14.2,128.04,70.25,83.72,7.46,51.3,7.9,0.34,2621
TR-117,2022-01-15,8.0,4.85,191.07,76.39,146.21,0.07,56.2,22.5,1.61,2849
TR-117,2022-07-15,8.5,9.89,172.92,24.67,150.14,19.26,63.8,7.7,0.4,3040
TR-117,2023-01-15,9.0,24.91,146.49,92.27,263.25,2.51,60.6,25.2,0.17,3214
TR-117,2023-07-15,9.5,91.8,134.47,42.17,162.85,3.67,62.7,10.5,0.36,3398
TR-117,2024-01-15,10.0,21.04,396.27,110.53,256.29,0.05,69.8,26.4,8.42,3569
TR-119,2018-01-15,26.0,89.21,90.75,69.69,6.25,2.57,51.3,26.4,2.84,8396
TR-119,2018-04-15,26.25,194.08,96.22,87.92,68.29,31.97,58.8,21.5,0.07,8478
TR-119,2018-07-15,26.5,223.23,108.21,54.37,34.5,1.56,53.2,11.4,3.85,8579
TR-119,2018-10-15,26.75,51.12,114.84,36.09,33.0,0.28,56.8,12.4,0.39,8656
TR-119,2019-01-15,27.0,161.05,202.25,77.43,19.25,0.3,55.7,23.3,0.24,8743
TR-119,2019-04-15,27.25,210.44,100.31,65.02,37.69,3.77,52.9,25.6,6.54,8832
TR-119,2019-07-15,27.5,173.89,168.78,87.71,47.53,3.11,56.0,10.6,0.8,8961
TR-119,2019-10-15,27.75,216.03,68.3,79.59,30.93,5.84,54.8,11.6,0.47,9013
TR-119,2020-01-15,28.0,131.63,202.03,136.78,46.29,0.05,66.0,25.6,1.41,9122
TR-119,2020-04-15,28.25,235.84,125.42,78.2,17.15,5.1,67.6,24.4,1.19,9232
TR-119,2020-07-15,28.5,223.15,137.98,116.73,35.31,2.34,61.8,9.6,1.82,9290
TR-119,2020-10-15,28.75,230.01,87.52,87.15,34.33,16.62,67.4,11.7,3.35,9425
TR-119,2021-01-15,29.0,261.63,176.53,29.8,31.87,0.05,65.7,23.0,1.19,9495
TR-119,2021-04-15,29.25,170.45,66.09,67.91,27.22,50.24,66.2,21.8,0.68,9557
TR-119,2021-07-15,29.5,195.19,93.43,147.74,16.87,5.61,68.7,10.4,1.69,9682
TR-119,2021-10-15,29.75,195.57,188.54,21.77,39.21,0.05,61.9,9.5,0.64,9796
TR-119,2022-01-15,30.0,121.72,121.98,68.04,25.52,2.3,60.4,24.7,2.77,9845
TR-119,2022-04-15,30.25,186.38,72.45,40.83,66.85,3.46,63.7,21.2,4.55,9961
TR-119,2022-07-15,30.5,156.73,191.1,40.44,8.65,0.05,62.1,8.6,4.56,10038
TR-119,2022-10-15,30.75,216.27,107.34,75.51,20.02,1.1,53.4,12.2,0.82,10153
TR-119,2023-01-15,31.0,291.03,143.67,44.25,56.13,1.2,56.7,25.4,0.43,10198
TR-119,2023-04-15,31.25,177.84,73.67,49.43,12.48,4.45,47.7,21.3,1.33,10327
TR-119,2023-07-15,31.5,256.26,127.73,44.42,22.58,0.7,52.7,9.4,1.34,10427
TR-119,2023-10-15,31.75,149.83,82.76,80.31,17.67,1.37,51.4,9.8,0.85,10474
TR-119,2024-01-15,32.0,163.21,188.42,52.43,76.03,0.08,50.2,25.8,0.15,10613
TR-120,2018-01-15,8.0,100.18,55.1,17.12,19.43,3.08,52.1,25.6,2.66,2009
TR-120,2018-04-15,8.25,31.12,56.43,19.71,17.63,1.81,42.5,24.0,4.91,2053
TR-120,2018-07-15,8.5,36.43,47.83,21.39,7.81,0.13,48.3,6.2,3.57,2188
TR-120,2018-10-15,8.75,56.93,41.91,46.33,10.74,0.05,48.0,9.6,1.14,2235
TR-120,2019-01-15,9.0,70.9,25.29,6.93,16.91,0.89,51.6,25.2,1.24,2340
TR-120,2019-04-15,9.25,41.78,56.54,16.87,5.37,0.05,52.0,24.4,3.3,2448
TR-120,2019-07-15,9.5,57.18,44.34,21.01,9.63,0.25,57.2,9.8,0.04,2529
TR-120,2019-10-15,9.75,69.69,35.57,13.54,14.73,0.05,65.2,13.6,0.76,2636
TR-120,2020-01-15,10.0,78.47,41.86,11.06,18.51,1.28,51.9,27.1,0.37,2739
TR-120,2020-04-15,10.25,86.08,17.97,12.28,23.62,5.86,57.1,22.2,1.8,2801
TR-120,2020-07-15,10.5,60.02,65.08,42.66,22.95,2.16,59.9,6.3,0.86,2928
TR-120,2020-10-15,10.75,106.79,77.75,34.88,26.6,6.38,68.0,9.9,1.1,2994
TR-120,2021-01-15,11.0,34.33,66.58,15.14,21.23,0.05,61.8,27.3,0.78,3080
TR-120,2021-04-15,11.25,64.7,73.2,32.36,9.27,0.05,66.7,22.1,2.06,3160
TR-120,2021-07-15,11.5,101.41,107.77,21.05,10.24,0.05,60.5,5.8,2.92,3273
TR-120,2021-10-15,11.75,84.35,103.0,80.24,14.59,0.1,63.8,10.6,1.13,3373
TR-120,2022-01-15,12.0,100.02,30.7,8.9,23.27,0.05,56.5,24.3,0.07,3472
TR-120,2022-04-15,12.25,128.04,67.17,43.69,25.15,2.07,62.5,25.7,8.54,3566
TR-120,2022-07-15,12.5,108.58,101.97,60.73,25.26,6.69,65.8,8.2,3.42,3649
TR-120,2022-10-15,12.75,44.53,50.72,46.61,7.49,27.78,56.5,8.2,0.41,3703
TR-120,2023-01-15,13.0,102.81,75.08,43.85,16.51,4.37,50.9,28.0,5.64,3815
TR-120,2023-04-15,13.25,81.47,54.45,8.21,15.55,0.36,56.4,22.8,1.11,3908
TR-120,2023-07-15,13.5,84.24,65.92,8.44,8.17,2.72,54.5,9.2,0.49,4008
TR-120,2023-10-15,13.75,92.42,46.88,25.27,44.88,0.22,50.5,11.5,0.83,4061
TR-120,2024-01-15,14.0,89.15,33.32,29.63,19.73,2.79,51.1,24.7,1.81,4193
TR-121,2018-01-15,5.0,27.59,156.67,17.88,98.71,0.08,52.3,25.3,0.83,1279
TR-121,2018-07-15,5.5,14.75,131.71,177.83,210.64,4.4,56.1,9.5,3.88,1471
TR-121,2019-01-15,6.0,26.57,143.58,87.43,115.6,0.49,48.9,24.9,3.14,1659
TR-121,2019-07-15,6.5,169.01,135.73,210.01,81.07,3.89,55.0,6.1,0.28,1832
TR-121,2020-01-15,7.0,19.79,136.23,21.14,94.94,0.96,54.3,25.0,1.09,2006
TR-121,2020-07-15,7.5,21.12,189.55,76.01,102.87,3.33,52.2,9.8,3.58,2177
TR-121,2021-01-15,8.0,44.02,305.25,54.53,257.75,8.58,54.2,25.1,2.09,2379
TR-121,2021-07-15,8.5,26.89,224.29,45.48,101.77,0.28,59.7,7.3,2.14,2573
TR-121,2022-01-15,9.0,19.71,145.38,116.55,275.29,0.05,59.8,27.2,1.14,2717
TR-121,2022-07-15,9.5,3.39,506.83,113.66,171.11,35.73,67.2,10.5,5.54,2922
TR-121,2023-01-15,10.0,37.09,251.09,98.01,290.34,0.3,69.0,27.9,5.1,3110
TR-121,2023-07-15,10.5,109.15,406.47,195.55,248.63,0.05,73.7,7.3,2.0,3274
TR-121,2024-01-15,11.0,56.7,248.63,54.49,146.34,0.99,68.8,27.0,0.15,3454
TR-124,2018-01-15,2.0,61.48,24.11,6.42,57.85,1.3,69.9,27.4,0.0,30
TR-124,2018-04-15,2.25,141.94,19.64,4.42,40.95,10.02,67.7,24.2,0.25,30
TR-124,2018-07-15,2.5,71.36,33.37,1.38,34.37,31.26,66.8,10.9,2.19,30
TR-124,2018-10-15,2.75,114.37,46.03,1.09,55.05,3.82,70.0,9.2,4.43,71
TR-124,2019-01-15,3.0,107.78,50.03,0.89,66.34,27.0,70.9,26.5,2.97,191
TR-124,2019-04-15,3.25,209.19,101.51,2.44,72.61,8.66,64.3,23.3,0.59,282
TR-124,2019-07-15,3.5,117.26,103.49,26.27,115.32,36.33,64.4,9.7,1.33,340
TR-124,2019-10-15,3.75,88.38,56.83,6.33,95.71,26.72,63.8,8.8,17.6,435
TR-124,2020-01-15,4.0,151.42,54.47,21.53,140.62,42.54,58.3,22.7,14.08,515
TR-124,2020-04-15,4.25,101.05,40.74,2.73,38.27,12.81,63.0,23.0,0.71,615
TR-124,2020-07-15,4.5,199.35,99.18,6.48,86.31,41.59,63.6,8.3,3.3,741
TR-124,2020-10-15,4.75,227.64,49.73,8.38,80.87,9.25,53.7,12.5,0.19,804
TR-124,2021-01-15,5.0,150.68,108.71,7.19,95.64,30.61,48.7,26.4,6.83,875
TR-124,2021-04-15,5.25,113.62,68.18,12.36,137.45,66.04,60.0,22.1,3.63,978
TR-124,2021-07-15,5.5,175.06,73.57,38.48,57.52,4.96,63.7,9.5,0.72,1064
TR-124,2021-10-15,5.75,193.55,26.99,18.67,46.2,44.84,54.6,9.7,1.43,1194
TR-124,2022-01-15,6.0,127.51,87.72,4.93,48.63,32.78,59.0,25.4,2.52,1245
TR-124,2022-04-15,6.25,101.38,113.02,44.93,54.77,10.29,51.1,20.9,0.72,1383
TR-124,2022-07-15,6.5,91.26,54.83,3.24,67.42,54.78,57.5,9.4,2.46,1463
TR-124,2022-10-15,6.75,113.15,20.54,3.74,77.51,17.87,55.5,11.4,16.84,1554
TR-124,2023-01-15,7.0,230.6,100.08,2.1,65.54,80.1,50.4,25.8,9.15,1656
TR-124,2023-04-15,7.25,311.72,77.29,26.6,103.03,39.45,56.5,20.2,2.6,1698
TR-124,2023-07-15,7.5,61.21,47.59,7.45,83.23,55.25,52.5,8.4,0.34,1833
TR-124,2023-10-15,7.75,188.92,99.92,2.85,255.46,41.32,55.0,9.2,7.88,1885
TR-127,2018-01-15,20.0,118.24,69.95,115.77,34.32,4.25,59.9,27.3,0.82,6311
TR-127,2018-07-15,20.5,158.0,164.48,18.05,70.33,7.19,59.8,8.3,3.42,6466
TR-127,2019-01-15,21.0,124.09,119.74,51.72,15.26,0.09,64.9,25.3,0.11,6650
TR-127,2019-07-15,21.5,147.16,122.13,77.46,65.48,1.25,61.3,10.3,0.29,6842
TR-127,2020-01-15,22.0,186.18,104.76,24.08,29.19,0.15,61.5,23.8,2.16,7004
TR-127,2020-07-15,22.5,210.31,86.22,74.8,69.71,3.64,56.7,7.8,0.65,7206
TR-127,2021-01-15,23.0,213.16,141.84,93.85,8.42,1.72,51.6,24.1,0.43,7390
TR-127,2021-07-15,23.5,69.43,148.88,51.52,39.56,0.59,50.3,8.6,1.06,7542
TR-127,2022-01-15,24.0,146.2,128.6,45.28,17.75,3.1,47.0,27.2,7.84,7778
TR-127,2022-07-15,24.5,77.28,145.72,84.55,36.83,0.54,45.1,8.9,0.73,7923
TR-127,2023-01-15,25.0,86.49,27.37,72.0,16.3,0.05,45.2,24.1,5.62,8123
TR-127,2023-07-15,25.5,121.91,70.71,47.16,35.31,0.05,52.2,6.8,2.64,8309
TR-127,2024-01-15,26.0,117.41,52.15,129.13,26.72,0.05,46.1,25.3,3.39,8506
TR-129,2018-01-15,6.0,70.44,153.12,53.35,44.88,1.23,51.5,22.3,0.64,2004
TR-129,2018-04-15,6.25,47.26,189.88,40.41,37.41,0.05,53.5,22.6,0.43,2102
TR-129,2018-07-15,6.5,37.36,218.24,74.99,139.35,0.41,58.0,6.8,2.01,2213
TR-129,2018-10-15,6.75,40.01,182.62,87.15,26.33,3.37,48.5,10.0,5.42,2275
TR-129,2019-01-15,7.0,45.71,163.45,52.17,60.18,0.05,56.6,25.8,0.97,2393
TR-129,2019-04-15,7.25,46.44,282.86,108.04,74.34,0.05,46.6,21.1,1.58,2482
TR-129,2019-07-15,7.5,50.77,235.86,52.61,63.38,14.7,45.4,6.9,0.4,2569
TR-129,2019-10-15,7.75,31.88,315.61,54.16,50.2,7.35,55.7,12.2,2.63,2636
TR-129,2020-01-15,8.0,62.12,115.33,29.52,38.23,4.95,53.5,25.4,5.84,2749
TR-129,2020-04-15,8.25,102.51,273.66,96.94,87.07,0.33,57.8,22.6,1.97,2862
TR-129,2020-07-15,8.5,130.73,268.04,83.1,38.16,0.51,61.0,8.0,4.89,2920
TR-129,2020-10-15,8.75,45.92,206.81,116.17,111.2,0.15,57.8,7.1,5.3,2998
TR-129,2021-01-15,9.0,67.3,414.45,82.91,78.22,0.05,61.8,24.2,0.66,3101
TR-129,2021-04-15,9.25,183.11,277.82,136.49,67.9,0.05,70.1,24.6,3.46,3187
TR-129,2021-07-15,9.5,79.15,151.18,97.46,61.03,1.83,68.3,9.7,3.19,3302
TR-129,2021-10-15,9.75,52.16,216.57,88.01,75.14,3.26,67.8,8.6,0.63,3358
TR-129,2022-01-15,10.0,107.02,268.58,46.61,106.08,0.06,61.2,26.4,5.81,3468
TR-129,2022-04-15,10.25,55.75,372.9,160.75,95.62,0.05,65.7,23.6,3.32,3583
TR-129,2022-07-15,10.5,70.28,292.37,156.71,49.77,6.94,67.5,9.4,1.12,3638
TR-129,2022-10-15,10.75,104.54,325.48,305.65,76.85,0.11,74.9,9.1,1.87,3763
TR-129,2023-01-15,11.0,152.19,295.14,204.09,341.8,0.05,67.2,24.9,0.35,3871
TR-129,2023-04-15,11.25,86.17,237.48,59.25,68.23,0.05,68.2,22.1,0.18,3928
TR-129,2023-07-15,11.5,32.8,418.88,141.89,129.51,21.71,72.5,8.4,9.74,4004
TR-129,2023-10-15,11.75,166.84,231.59,123.31,113.49,0.42,65.2,12.9,2.5,4137
TR-129,2024-01-15,12.0,108.32,321.77,132.38,25.78,1.61,60.5,22.5,0.41,4215
TR-130,2018-01-15,18.0,123.65,66.88,18.44,11.91,0.05,53.6,26.3,0.32,6248
TR-130,2018-04-15,18.333333333333258,207.24,58.94,84.59,21.54,0.05,59.1,18.4,0.84,6412
TR-130,2018-08-15,18.666666666666515,116.15,75.95,19.31,22.62,0.05,61.9,9.0,0.62,6531
TR-130,2018-12-15,18.999999999999773,202.33,163.32,57.53,85.59,28.07,62.1,24.5,0.61,6634
TR-130,2019-04-15,19.33333333333303,79.71,109.34,39.51,26.02,4.78,62.3,17.6,0.62,6756
TR-130,2019-08-15,19.666666666666288,130.48,32.97,15.26,18.1,0.19,60.4,8.7,1.03,6880
TR-130,2019-12-15,19.999999999999545,175.32,98.62,113.78,15.07,0.06,68.0,26.5,1.61,6979
TR-130,2020-04-15,20.333333333332803,202.47,113.26,49.34,19.83,1.03,58.8,17.0,6.33,7103
TR-130,2020-08-15,20.66666666666606,155.05,96.86,25.0,36.68,3.45,56.4,5.8,1.58,7259
TR-130,2020-12-15,20.999999999999318,74.98,109.21,55.02,0.15,0.38,56.1,25.3,3.58,7371
TR-130,2021-04-15,21.333333333332575,146.45,88.92,65.57,48.6,0.05,65.2,17.4,0.63,7485
TR-130,2021-08-15,21.666666666665833,155.83,150.57,29.44,67.64,79.03,59.6,6.6,9.9,7630
TR-130,2021-12-15,21.99999999999909,107.18,123.18,16.2,49.88,0.1,59.1,21.9,3.23,7722
TR-130,2022-04-15,22.333333333332348,162.67,55.57,32.69,42.76,0.05,55.0,18.8,3.58,7845
TR-130,2022-08-15,22.666666666665606,137.67,63.6,66.92,21.0,10.43,53.3,7.7,0.54,7985
TR-130,2022-12-15,22.999999999998863,95.26,127.82,46.39,23.28,0.05,55.9,23.9,1.05,8094
TR-130,2023-04-15,23.33333333333212,60.0,109.27,71.55,22.64,0.05,46.7,16.4,0.65,8190
TR-130,2023-08-15,23.666666666665378,116.9,72.27,79.58,29.22,3.21,49.4,6.4,0.44,8304
TR-130,2023-12-15,23.999999999998636,63.82,137.93,38.33,10.21,0.95,45.1,25.5,0.88,8432
TR-131,2018-01-15,16.0,87.45,67.16,11.72,14.72,0.05,46.4,22.8,3.4,4922
TR-131,2018-07-15,16.5,119.88,49.91,28.97,10.93,0.05,52.9,10.2,2.42,5128
TR-131,2019-01-15,17.0,95.06,41.84,14.64,10.21,4.66,51.5,25.1,3.15,5313
TR-131,2019-07-15,17.5,191.16,147.11,58.66,17.55,0.28,56.5,7.0,0.97,5514
TR-131,2020-01-15,18.0,305.66,75.36,6.83,19.06,0.05,53.2,24.9,2.58,5694
TR-131,2020-07-15,18.5,105.13,28.42,43.22,11.05,0.06,59.9,9.1,1.01,5851
TR-131,2021-01-15,19.0,180.31,74.18,65.16,28.96,1.41,61.6,24.7,4.11,6044
TR-131,2021-07-15,19.5,133.9,53.65,40.69,22.37,0.05,63.9,10.3,1.28,6252
TR-131,2022-01-15,20.0,107.7,124.45,10.77,53.1,0.05,56.2,25.5,0.35,6430
TR-131,2022-07-15,20.5,208.85,110.95,62.23,38.51,3.57,63.2,8.0,0.4,6613
TR-131,2023-01-15,21.0,138.01,86.81,147.79,13.23,0.05,64.2,23.2,1.11,6772
TR-131,2023-07-15,21.5,165.78,107.04,19.8,51.88,15.41,54.6,8.6,1.66,6948
TR-131,2024-01-15,22.0,110.91,75.64,50.47,26.98,1.15,56.0,24.4,1.65,7111
TR-132,2018-01-15,8.0,69.36,222.85,97.29,131.75,0.77,57.4,24.7,0.16,2835
TR-132,2018-07-15,8.5,88.36,230.76,122.78,139.01,0.66,62.9,4.9,1.02,3034
TR-132,2019-01-15,9.0,65.22,255.8,156.74,96.16,0.05,59.6,26.0,2.24,3193
TR-132,2019-07-15,9.5,111.4,314.93,95.79,163.43,5.65,67.8,12.2,3.21,3390
TR-132,2020-01-15,10.0,91.54,302.58,38.76,60.29,5.32,61.0,23.5,0.39,3601
TR-132,2020-07-15,10.5,215.06,485.45,176.31,207.05,0.05,70.0,9.3,0.86,3748
TR-132,2021-01-15,11.0,29.25,199.46,163.64,76.46,0.05,70.8,24.6,4.04,3935
TR-132,2021-07-15,11.5,123.61,877.74,132.41,47.57,14.24,69.3,6.9,2.32,4156
TR-132,2022-01-15,12.0,112.69,391.45,111.05,20.64,0.9,68.5,27.6,1.79,4285
TR-132,2022-07-15,12.5,61.49,387.97,221.95,194.4,0.05,61.3,7.9,1.96,4488
TR-132,2023-01-15,13.0,137.12,200.91,176.41,122.38,0.05,61.1,28.3,0.47,4670
TR-132,2023-07-15,13.5,145.86,374.23,211.03,149.48,29.86,65.6,8.7,5.55,4883
TR-132,2024-01-15,14.0,69.89,320.55,149.57,41.48,1.12,58.9,25.9,0.88,5058
TR-135,2018-01-15,8.0,28.64,215.96,84.83,251.18,0.19,54.8,26.9,0.6,2804
TR-135,2018-04-15,8.25,50.61,241.33,48.07,116.05,0.23,52.7,23.9,4.63,2854
TR-135,2018-07-15,8.5,48.11,165.57,33.85,177.41,8.95,56.4,10.0,0.89,2956
TR-135,2018-10-15,8.75,27.49,209.92,19.48,158.85,0.05,63.9,12.7,2.3,3052
TR-135,2019-01-15,9.0,67.27,229.39,78.96,214.94,2.43,59.3,22.8,1.21,3125
TR-135,2019-04-15,9.25,8.68,211.67,75.37,121.76,29.07,56.7,23.6,1.8,3239
TR-135,2019-07-15,9.5,132.43,175.07,13.78,285.13,4.92,63.4,9.2,2.03,3327
TR-135,2019-10-15,9.75,34.65,274.77,54.86,396.19,0.05,68.1,10.4,2.12,3456
TR-135,2020-01-15,10.0,27.69,252.44,140.52,214.79,0.1,67.6,24.7,2.18,3503
TR-135,2020-04-15,10.25,22.26,266.53,94.33,191.9,0.46,59.0,26.0,0.89,3593
TR-135,2020-07-15,10.5,101.79,468.91,277.26,193.33,0.05,71.2,8.1,2.75,3718
TR-135,2020-10-15,10.75,24.7,177.6,105.7,266.87,40.5,60.0,10.5,0.98,3778
TR-135,2021-01-15,11.0,18.6,208.56,139.32,150.33,0.05,73.5,27.1,2.38,3868
TR-135,2021-04-15,11.25,83.07,299.53,146.01,240.06,0.05,64.6,20.3,3.37,3994
TR-135,2021-07-15,11.5,93.03,250.54,46.78,312.04,0.05,78.2,9.4,0.55,4086
TR-135,2021-10-15,11.75,117.97,348.13,105.76,384.6,0.05,68.3,9.5,2.3,4179
TR-135,2022-01-15,12.0,60.63,342.6,188.13,146.53,0.05,69.8,26.6,0.61,4277
TR-135,2022-04-15,12.25,152.43,326.73,254.15,334.96,19.6,63.9,22.7,0.9,4361
TR-135,2022-07-15,12.5,134.1,164.7,135.27,256.58,3.78,70.2,8.9,0.08,4455
TR-135,2022-10-15,12.75,25.86,229.59,61.1,185.42,5.31,64.6,11.5,0.32,4498
TR-135,2023-01-15,13.0,99.5,297.22,129.24,172.53,0.05,59.2,25.1,0.66,4600
TR-135,2023-04-15,13.25,57.9,458.03,95.91,302.89,1.2,57.0,22.1,3.79,4704
TR-135,2023-07-15,13.5,45.51,489.11,138.87,501.47,16.54,65.8,7.6,0.77,4804
TR-135,2023-10-15,13.75,37.16,233.99,48.54,146.52,29.3,60.3,12.3,0.41,4867
TR-135,2024-01-15,14.0,44.56,263.39,150.69,378.91,0.05,60.0,24.3,1.3,4956
TR-136,2018-01-15,28.0,374.28,106.07,41.59,88.47,0.05,61.3,26.7,0.01,10074
TR-136,2018-04-15,28.25,210.37,152.54,101.43,48.98,11.12,56.6,25.7,1.95,10152
TR-136,2018-07-15,28.5,150.55,115.37,79.52,15.2,2.44,59.5,10.4,2.51,10256
TR-136,2018-10-15,28.75,275.51,86.65,50.91,45.98,0.51,62.3,14.3,2.24,10327
TR-136,2019-01-15,29.0,270.86,115.25,47.63,52.82,0.05,66.0,26.2,2.19,10441
TR-136,2019-04-15,29.25,224.51,92.76,54.11,36.31,1.25,60.0,21.9,1.22,10517
TR-136,2019-07-15,29.5,124.94,69.08,79.16,6.58,10.0,63.6,9.2,0.22,10611
TR-136,2019-10-15,29.75,294.47,154.74,123.37,44.7,0.08,56.6,9.8,0.68,10690
TR-136,2020-01-15,30.0,162.18,99.79,57.19,17.92,0.05,56.5,22.7,0.25,10812
TR-136,2020-04-15,30.25,122.9,107.84,60.76,80.33,10.37,59.3,22.0,0.89,10865
TR-136,2020-07-15,30.5,292.93,146.81,46.83,30.46,0.05,57.4,7.0,1.8,10988
TR-136,2020-10-15,30.75,353.41,128.29,99.46,8.75,22.02,53.8,12.4,2.09,11047
TR-136,2021-01-15,31.0,83.01,93.57,58.78,16.52,0.05,57.3,24.4,2.13,11120
TR-136,2021-04-15,31.25,270.21,92.2,76.66,38.97,0.16,53.9,23.8,2.34,11213
TR-136,2021-07-15,31.5,217.14,150.42,118.4,13.6,3.13,51.6,11.3,5.33,11306
TR-136,2021-10-15,31.75,182.1,101.43,74.01,36.48,0.12,58.6,8.9,2.03,11422
TR-136,2022-01-15,32.0,180.56,80.55,94.81,61.79,0.05,52.5,25.8,0.59,11531
TR-136,2022-04-15,32.25,160.92,47.12,61.37,22.7,1.28,44.5,22.9,0.79,11603
TR-136,2022-07-15,32.5,199.18,85.59,33.59,43.31,2.1,49.1,9.0,0.26,11689
TR-136,2022-10-15,32.75,307.66,142.36,103.96,27.04,4.86,45.9,10.6,1.4,11764
TR-136,2023-01-15,33.0,144.31,173.43,83.3,16.73,0.38,39.3,21.3,1.92,11877
TR-136,2023-04-15,33.25,184.49,153.1,59.99,48.37,17.62,42.6,23.7,0.74,11996
TR-136,2023-07-15,33.5,421.81,141.77,74.08,9.9,0.07,48.6,9.6,3.76,12031
TR-136,2023-10-15,33.75,173.74,119.96,45.05,43.45,0.05,46.4,7.8,1.07,12175
TR-136,2024-01-15,34.0,236.68,342.81,76.06,33.32,1.78,44.3,27.0,3.07,12213
TR-138,2018-01-15,26.0,157.01,82.13,49.93,12.89,0.05,58.6,23.8,2.71,9372
TR-138,2018-04-15,26.333333333333258,120.85,101.46,46.51,71.41,0.05,52.0,17.0,1.35,9529
TR-138,2018-08-15,26.666666666666515,117.41,77.22,50.3,60.78,0.05,54.9,10.9,1.13,9600
TR-138,2018-12-15,26.999999999999773,244.3,133.43,109.01,32.65,0.05,60.3,23.6,0.02,9724
TR-138,2019-04-15,27.33333333333303,215.3,83.12,77.56,9.06,1.25,51.6,17.5,0.5,9841
TR-138,2019-08-15,27.666666666666288,219.35,145.72,63.73,73.45,0.05,61.7,9.6,3.01,9968
TR-138,2019-12-15,27.999999999999545,290.7,63.17,123.92,16.67,1.38,62.5,25.1,0.69,10088
TR-138,2020-04-15,28.333333333332803,202.83,203.79,66.14,68.6,0.32,53.5,18.8,4.47,10259
TR-138,2020-08-15,28.66666666666606,119.11,112.25,49.01,47.22,6.7,61.6,5.8,0.49,10369
TR-138,2020-12-15,28.999999999999318,145.27,128.96,33.39,46.73,0.05,65.0,23.0,1.72,10444
TR-138,2021-04-15,29.333333333332575,283.94,262.33,137.62,51.63,0.05,64.3,17.9,4.51,10595
TR-138,2021-08-15,29.666666666665833,243.85,92.76,79.37,70.37,0.05,55.4,7.1,0.86,10717
TR-138,2021-12-15,29.99999999999909,308.57,209.77,27.4,47.02,0.94,65.0,26.7,0.02,10828
TR-138,2022-04-15,30.333333333332348,263.18,170.66,131.52,12.5,1.05,55.5,17.5,0.95,10967
TR-138,2022-08-15,30.666666666665606,221.81,124.42,103.54,57.82,0.05,68.0,7.8,0.25,11100
TR-138,2022-12-15,30.999999999998863,175.23,194.53,63.53,32.83,0.05,56.4,26.4,0.8,11231
TR-138,2023-04-15,31.33333333333212,272.4,99.23,54.24,21.76,0.64,54.7,19.8,0.45,11353
TR-138,2023-08-15,31.666666666665378,285.77,157.33,37.34,17.31,1.2,52.4,7.8,2.81,11423
TR-138,2023-12-15,31.999999999998636,189.51,156.33,88.66,9.78,0.05,51.7,24.2,3.71,11588
TR-141,2018-01-15,12.0,69.04,66.68,66.27,35.87,0.3,61.2,24.9,2.41,4045
TR-141,2018-04-15,12.333333333333258,91.0,87.25,25.35,10.36,8.17,53.8,19.8,0.36,4118
TR-141,2018-08-15,12.666666666666515,84.02,72.55,32.76,22.61,0.12,54.7,3.9,0.92,4263
TR-141,2018-12-15,12.999999999999773,104.22,107.08,23.02,39.01,2.08,62.3,24.3,0.18,4414
TR-141,2019-04-15,13.33333333333303,112.67,75.47,10.76,18.58,0.53,55.5,15.9,1.11,4496
TR-141,2019-08-15,13.666666666666288,76.93,68.69,22.06,75.49,0.05,55.5,5.1,0.01,4599
TR-141,2019-12-15,13.999999999999545,176.3,56.05,20.14,12.49,0.05,62.9,24.9,0.55,4765
TR-141,2020-04-15,14.333333333332803,68.7,20.3,15.21,21.64,0.11,56.2,16.9,3.14,4861
TR-141,2020-08-15,14.66666666666606,79.91,53.41,30.01,64.19,14.38,43.3,9.3,2.3,5011
TR-141,2020-12-15,14.999999999999318,75.71,48.59,13.15,7.57,0.79,45.6,26.5,0.41,5127
TR-141,2021-04-15,15.333333333332575,44.33,49.61,5.34,11.98,0.35,48.4,21.1,0.47,5220
TR-141,2021-08-15,15.666666666665833,82.78,30.39,15.86,5.64,0.1,44.4,6.1,0.32,5386
TR-141,2021-12-15,15.99999999999909,84.01,84.31,60.7,49.77,0.05,47.3,24.5,1.76,5474
TR-141,2022-04-15,16.333333333332348,97.41,112.25,30.4,21.16,0.05,44.6,17.3,3.79,5615
TR-141,2022-08-15,16.666666666665606,115.32,36.19,61.27,12.99,1.33,49.0,8.2,0.97,5708
TR-141,2022-12-15,16.999999999998863,72.56,40.5,41.02,28.04,2.63,50.1,25.1,0.53,5827
TR-141,2023-04-15,17.33333333333212,82.62,119.4,46.92,5.26,0.05,55.3,18.7,1.56,5980
TR-141,2023-08-15,17.666666666665378,107.9,74.03,52.46,80.27,11.54,54.2,6.8,0.57,6108
TR-141,2023-12-15,17.999999999998636,137.04,45.79,19.78,20.01,0.13,49.5,25.2,0.25,6198
TR-142,2018-01-15,24.0,94.32,31.29,40.98,28.77,0.19,47.0,24.8,1.19,8471
TR-142,2018-07-15,24.5,195.44,46.06,42.79,9.09,0.08,47.8,6.9,7.23,8622
TR-142,2019-01-15,25.0,98.05,117.15,33.27,48.21,0.05,39.3,24.8,0.75,8816
TR-142,2019-07-15,25.5,175.12,158.2,82.13,58.14,8.57,52.2,8.0,1.42,8994
TR-142,2020-01-15,26.0,166.86,72.94,60.16,37.73,0.45,49.8,27.0,3.58,9200
TR-142,2020-07-15,26.5,136.52,112.98,47.64,29.01,0.11,49.1,9.2,0.78,9341
TR-142,2021-01-15,27.0,216.0,89.9,40.61,10.85,7.03,57.6,25.0,2.89,9535
TR-142,2021-07-15,27.5,186.4,136.46,31.61,60.79,0.49,60.1,8.7,1.44,9700
TR-142,2022-01-15,28.0,96.09,63.2,69.97,74.04,0.2,62.4,26.2,0.31,9915
TR-142,2022-07-15,28.5,263.41,205.31,71.86,93.42,17.72,57.8,8.8,4.58,10094
TR-142,2023-01-15,29.0,221.59,112.02,41.9,61.94,11.26,57.9,22.2,1.48,10293
TR-142,2023-07-15,29.5,346.48,93.35,54.83,112.61,1.18,61.8,7.7,0.83,10438
TR-142,2024-01-15,30.0,317.26,113.71,58.58,44.24,0.56,61.6,24.5,0.72,10652
TR-144,2018-01-15,27.0,98.79,107.55,69.93,44.35,0.09,51.7,26.0,0.76,9771
TR-144,2018-07-15,27.5,143.09,138.67,52.99,46.46,1.26,62.5,9.0,8.15,9945
TR-144,2019-01-15,28.0,133.49,120.94,58.17,28.11,0.31,60.4,25.2,2.83,10109
TR-144,2019-07-15,28.5,151.7,159.6,60.03,65.62,0.05,66.6,7.5,1.91,10338
TR-144,2020-01-15,29.0,209.49,171.95,78.44,85.26,0.05,58.9,23.0,1.27,10483
TR-144,2020-07-15,29.5,206.33,134.69,55.99,50.82,0.94,70.0,9.4,1.01,10693
TR-144,2021-01-15,30.0,273.97,110.08,72.56,42.14,12.93,55.2,26.2,0.96,10829
TR-144,2021-07-15,30.5,148.4,71.31,63.46,63.53,0.05,58.0,8.7,7.04,11011
TR-144,2022-01-15,31.0,234.1,58.03,149.53,56.16,7.37,52.5,24.7,0.49,11246
TR-144,2022-07-15,31.5,155.3,66.05,108.81,23.74,0.07,46.8,9.8,4.19,11411
TR-144,2023-01-15,32.0,121.92,79.67,70.72,35.91,1.16,50.9,26.0,0.19,11613
TR-144,2023-07-15,32.5,246.81,136.74,69.69,89.02,0.05,54.0,9.8,4.51,11747
TR-144,2024-01-15,33.0,213.86,164.62,50.08,52.25,0.29,49.7,24.0,0.13,11977
TR-145,2018-01-15,33.0,99.87,43.31,113.06,31.95,22.05,48.4,22.1,2.72,11166
TR-145,2018-07-15,33.5,179.63,73.76,71.33,29.37,0.05,43.7,7.7,1.11,11336
TR-145,2019-01-15,34.0,198.01,140.68,60.0,71.78,2.11,47.6,26.2,2.27,11527
TR-145,2019-07-15,34.5,220.9,102.17,40.23,28.59,0.76,48.5,7.5,8.88,11733
TR-145,2020-01-15,35.0,263.82,85.1,44.0,36.86,0.05,53.5,26.0,1.12,11903
TR-145,2020-07-15,35.5,94.9,398.97,33.95,47.89,1.66,48.5,7.9,2.49,12079
TR-145,2021-01-15,36.0,162.56,192.48,62.8,128.01,4.32,52.1,26.4,0.38,12237
TR-145,2021-07-15,36.5,285.67,120.79,83.56,7.34,0.15,59.0,5.5,5.47,12418
TR-145,2022-01-15,37.0,215.34,98.87,56.45,45.66,7.8,58.2,26.6,0.22,12651
TR-146,2018-01-15,30.0,197.12,105.99,36.48,51.48,0.05,59.6,23.9,2.11,10188
TR-146,2018-04-15,30.25,214.28,143.08,70.45,45.77,0.52,56.7,22.1,4.85,10260
TR-146,2018-07-15,30.5,202.93,91.36,63.24,24.58,0.38,61.5,9.5,0.76,10407
TR-146,2018-10-15,30.75,159.19,160.13,41.77,61.59,0.45,59.3,12.4,3.56,10456
TR-146,2019-01-15,31.0,132.08,88.63,36.04,27.0,24.3,52.1,24.8,0.31,10569
TR-146,2019-04-15,31.25,139.87,77.73,60.03,10.55,6.19,52.7,24.8,6.28,10649
TR-146,2019-07-15,31.5,166.77,165.77,42.93,52.23,0.05,56.1,10.3,0.21,10736
TR-146,2019-10-15,31.75,139.16,192.62,160.41,68.88,0.26,52.6,10.8,2.33,10848
TR-146,2020-01-15,32.0,166.53,218.14,83.51,49.85,0.05,50.5,24.4,0.05,10935
TR-146,2020-04-15,32.25,236.33,115.25,30.65,5.35,1.09,55.2,22.4,3.39,11040
TR-146,2020-07-15,32.5,203.92,158.7,21.64,48.13,0.05,56.0,7.9,4.8,11123
TR-146,2020-10-15,32.75,181.22,100.22,48.8,71.56,2.84,49.6,12.8,0.64,11179
TR-146,2021-01-15,33.0,239.38,98.9,52.96,89.35,0.05,46.5,27.0,2.52,11322
TR-146,2021-04-15,33.25,148.15,128.73,58.66,9.07,10.58,51.3,22.6,1.03,11358
TR-146,2021-07-15,33.5,123.63,147.97,24.73,41.84,0.05,41.3,8.3,0.9,11451
TR-146,2021-10-15,33.75,86.74,115.43,73.65,38.53,0.05,49.1,10.9,4.57,11540
TR-146,2022-01-15,34.0,97.75,89.97,34.87,6.85,10.02,42.7,27.4,4.1,11650
TR-146,2022-04-15,34.25,198.74,80.87,26.17,5.55,8.62,54.1,22.0,0.96,11725
TR-146,2022-07-15,34.5,96.42,98.62,48.43,50.04,0.05,51.3,7.2,0.62,11848
TR-146,2022-10-15,34.75,166.01,120.8,41.38,90.19,0.05,54.2,11.3,1.9,11921
TR-146,2023-01-15,35.0,116.26,131.08,24.43,16.24,4.22,55.2,23.8,1.33,12041
TR-146,2023-04-15,35.25,262.5,168.54,109.96,85.06,6.94,51.7,26.7,1.2,12141
TR-146,2023-07-15,35.5,157.0,45.78,69.62,51.32,0.05,53.3,9.0,0.59,12221
TR-146,2023-10-15,35.75,186.62,234.69,44.06,38.7,0.27,52.3,11.6,1.27,12304
TR-146,2024-01-15,36.0,226.28,312.33,41.76,91.93,0.16,60.8,23.7,1.75,12377
TR-147,2018-01-15,9.0,362.62,73.85,8.4,146.34,34.38,68.5,26.3,7.82,2367
TR-147,2018-04-15,9.333333333333258,251.07,108.83,52.48,103.98,5.4,66.3,17.5,3.32,2469
TR-147,2018-08-15,9.666666666666515,189.61,115.81,2.14,100.24,25.52,66.3,6.7,2.7,2591
TR-147,2018-12-15,9.999999999999773,179.72,145.71,31.12,118.79,28.1,65.7,25.4,0.99,2733
TR-147,2019-04-15,10.33333333333303,446.3,104.46,22.19,376.24,32.9,68.6,16.1,0.11,2796
TR-147,2019-08-15,10.666666666666288,208.12,44.8,34.1,61.43,15.44,71.4,6.8,7.1,2967
TR-147,2019-12-15,10.999999999999545,178.54,54.2,6.48,147.6,5.81,68.6,26.4,4.61,3058
TR-147,2020-04-15,11.333333333332803,335.16,157.17,51.37,131.04,27.82,68.3,17.5,7.72,3166
TR-147,2020-08-15,11.66666666666606,299.59,56.93,6.23,69.48,58.61,63.4,10.7,0.33,3334
TR-147,2020-12-15,11.999999999999318,177.25,115.11,14.4,203.3,4.17,66.9,26.3,2.39,3428
TR-147,2021-04-15,12.333333333332575,449.36,95.67,54.3,189.77,78.11,74.1,18.4,1.49,3553
TR-147,2021-08-15,12.666666666665833,365.12,253.85,69.55,389.11,7.48,68.5,7.3,8.83,3676
TR-147,2021-12-15,12.99999999999909,366.85,218.68,35.83,264.74,2.01,67.9,27.8,0.84,3782
TR-147,2022-04-15,13.333333333332348,395.76,69.34,37.99,117.4,6.13,65.4,18.6,0.79,3906
TR-147,2022-08-15,13.666666666665606,296.78,81.33,25.85,58.78,10.07,60.5,9.3,0.52,4069
TR-149,2018-01-15,0.0,12.01,30.89,40.48,17.04,0.29,59.1,23.2,5.26,30
TR-149,2018-07-15,0.5,26.16,40.89,13.51,17.62,0.05,60.4,7.8,2.5,30
TR-149,2019-01-15,1.0,34.82,63.71,43.11,13.8,22.6,68.1,25.7,0.21,30
TR-149,2019-07-15,1.5,4.89,118.42,31.89,13.77,4.04,74.6,8.8,1.06,30
TR-149,2020-01-15,2.0,18.8,98.32,24.25,60.96,0.15,64.5,28.6,3.14,30
TR-149,2020-07-15,2.5,12.26,112.88,27.33,83.2,2.33,66.4,8.5,0.29,50
TR-149,2021-01-15,3.0,25.94,124.98,74.9,53.02,0.05,65.5,25.5,8.3,216
TR-149,2021-07-15,3.5,64.16,53.45,28.91,21.83,21.64,66.4,9.4,4.26,427
TR-149,2022-01-15,4.0,45.57,228.17,22.92,61.64,0.05,60.1,23.3,3.75,568
TR-149,2022-07-15,4.5,13.55,112.4,24.63,66.46,0.64,64.9,7.2,1.83,789
TR-149,2023-01-15,5.0,67.41,73.43,81.1,21.13,5.36,58.7,23.1,0.86,944
TR-149,2023-07-15,5.5,101.48,283.19,84.68,38.67,0.05,54.2,11.3,3.04,1148
TR-149,2024-01-15,6.0,47.44,193.41,62.13,18.97,0.19,53.9,25.6,2.67,1318
TR-150,2018-01-15,28.0,214.16,85.37,25.05,28.77,0.29,57.7,26.2,1.1,9795
TR-150,2018-04-15,28.25,127.76,82.59,65.15,65.95,0.24,61.1,23.2,2.07,9884
TR-150,2018-07-15,28.5,95.1,21.26,43.54,26.61,0.05,56.8,7.9,1.4,9978
TR-150,2018-10-15,28.75,242.79,179.19,21.65,35.48,1.3,58.9,12.7,2.74,10066
TR-150,2019-01-15,29.0,238.21,135.37,61.91,30.63,0.37,61.5,26.4,1.14,10169
TR-150,2019-04-15,29.25,202.95,129.99,75.98,24.03,2.6,68.2,22.2,2.32,10252
TR-150,2019-07-15,29.5,174.43,94.34,21.72,69.24,0.05,61.0,6.7,5.1,10376
TR-150,2019-10-15,29.75,220.47,136.5,138.56,39.12,0.6,69.2,9.5,2.63,10437
TR-150,2020-01-15,30.0,248.23,114.16,45.22,23.07,0.24,61.3,26.9,0.1,10520
TR-150,2020-04-15,30.25,424.48,116.73,68.89,23.43,0.05,57.9,22.1,1.31,10617
TR-150,2020-07-15,30.5,172.02,83.61,49.83,21.59,0.05,65.2,9.8,8.1,10734
TR-150,2020-10-15,30.75,257.41,123.33,36.31,3.43,0.05,65.7,11.2,0.86,10819
TR-150,2021-01-15,31.0,150.94,83.69,76.28,15.42,1.43,59.5,22.9,0.94,10911
TR-150,2021-04-15,31.25,180.59,98.21,102.87,52.34,0.05,54.8,24.6,4.92,10985
TR-150,2021-07-15,31.5,212.69,113.3,81.54,31.34,0.05,52.1,7.6,0.05,11100
TR-150,2021-10-15,31.75,182.21,73.96,33.37,12.43,0.05,56.5,12.5,0.69,11185
TR-150,2022-01-15,32.0,104.74,77.73,37.49,14.43,0.05,50.6,25.9,1.61,11268
TR-150,2022-04-15,32.25,105.21,81.08,33.49,23.15,7.63,45.5,24.6,6.62,11352
TR-150,2022-07-15,32.5,183.1,125.55,70.37,17.86,0.05,43.6,7.3,1.9,11460
TR-150,2022-10-15,32.75,167.16,85.15,33.77,16.5,18.09,42.6,10.2,9.39,11555
TR-150,2023-01-15,33.0,194.37,119.37,116.02,1.91,27.8,45.1,23.4,0.1,11661
TR-150,2023-04-15,33.25,208.56,134.88,92.92,115.74,0.05,51.9,24.1,1.44,11746
TR-150,2023-07-15,33.5,185.99,31.14,39.21,9.77,7.13,51.2,9.6,4.24,11798
TR-150,2023-10-15,33.75,245.11,161.34,65.24,36.15,0.32,42.5,7.5,1.16,11937
TR-150,2024-01-15,34.0,212.84,215.77,33.97,43.77,0.74,46.0,27.2,1.28,11988
TR-151,2018-01-15,5.0,66.78,25.25,26.71,19.94,0.05,51.4,23.8,2.24,1087
TR-151,2018-04-15,5.3333333333332575,73.16,25.36,18.43,3.2,0.36,48.6,19.3,1.5,1167
TR-151,2018-08-15,5.666666666666515,85.63,35.7,26.47,5.9,0.7,52.5,8.3,2.03,1283
TR-151,2018-12-15,5.999999999999773,50.85,34.96,37.27,8.1,0.05,54.5,23.3,1.58,1408
TR-151,2019-04-15,6.33333333333303,41.07,37.98,1.96,2.08,0.05,45.6,18.9,1.31,1545
TR-151,2019-08-15,6.666666666666288,38.41,15.53,25.68,5.65,1.53,44.4,7.2,0.7,1661
TR-151,2019-12-15,6.999999999999545,62.99,44.32,6.54,16.94,4.53,42.6,24.7,1.12,1776
TR-151,2020-04-15,7.333333333332803,28.92,21.62,34.56,16.2,0.41,41.1,20.7,0.93,1931
TR-151,2020-08-15,7.66666666666606,45.36,21.79,8.2,1.8,1.46,40.8,8.2,1.69,2023
TR-151,2020-12-15,7.999999999999318,40.36,94.0,27.22,16.35,3.84,50.2,23.3,1.87,2143
TR-151,2021-04-15,8.333333333332575,97.34,51.28,24.66,10.79,0.21,53.5,16.6,5.95,2273
TR-151,2021-08-15,8.666666666665833,70.04,19.82,39.32,22.74,5.09,46.1,10.8,0.15,2393
TR-151,2021-12-15,8.99999999999909,47.48,40.92,45.44,4.31,0.05,51.1,24.6,1.36,2538
TR-151,2022-04-15,9.333333333332348,25.69,30.26,13.1,3.05,1.12,55.0,18.6,0.29,2666
TR-151,2022-08-15,9.666666666665606,46.29,57.57,25.04,13.3,5.51,51.7,7.9,1.05,2742
TR-151,2022-12-15,9.999999999998863,56.16,62.46,25.1,14.58,0.05,60.6,24.5,0.0,2911
TR-151,2023-04-15,10.33333333333212,169.97,51.43,19.23,50.31,2.09,67.9,20.6,0.04,3011
TR-151,2023-08-15,10.666666666665378,94.15,14.96,27.1,1.76,0.05,63.4,10.2,2.57,3105
TR-151,2023-12-15,10.999999999998636,107.86,59.92,41.37,4.98,9.41,68.1,26.8,1.35,3284
TR-153,2018-01-15,7.0,204.86,57.37,26.98,16.49,0.05,49.3,26.5,1.01,1559
TR-153,2018-04-15,7.25,159.45,142.44,30.26,20.12,0.26,55.7,19.2,1.45,1666
TR-153,2018-07-15,7.5,203.51,83.11,62.41,58.17,0.05,53.9,9.2,0.21,1785
TR-153,2018-10-15,7.75,379.74,53.28,33.47,17.1,0.59,58.2,9.8,0.33,1827
TR-153,2019-01-15,8.0,413.84,163.14,84.0,54.04,0.09,55.0,24.5,0.6,1975
TR-153,2019-04-15,8.25,411.26,68.43,42.03,30.04,19.89,57.1,23.9,0.82,2051
TR-153,2019-07-15,8.5,313.64,92.17,76.12,28.41,1.92,60.9,6.9,2.46,2156
TR-153,2019-10-15,8.75,460.42,162.71,33.84,111.21,0.08,54.0,10.4,0.85,2231
TR-153,2020-01-15,9.0,306.79,94.82,33.77,7.4,0.05,63.6,22.4,1.18,2285
TR-153,2020-04-15,9.25,375.01,119.66,61.7,21.42,6.29,58.4,23.4,0.26,2423
TR-153,2020-07-15,9.5,334.29,203.7,64.94,24.51,1.72,61.4,7.9,1.32,2494
TR-153,2020-10-15,9.75,239.89,74.92,41.19,48.3,0.23,66.1,10.8,0.17,2557
TR-153,2021-01-15,10.0,499.93,141.57,61.88,21.14,0.83,63.7,26.4,0.55,2660
TR-153,2021-04-15,10.25,281.33,89.08,38.71,22.2,0.05,68.1,23.2,4.93,2779
TR-153,2021-07-15,10.5,222.46,116.49,18.02,44.65,0.05,63.7,7.0,2.48,2866
TR-153,2021-10-15,10.75,315.02,159.95,58.53,12.91,3.99,72.2,13.1,1.14,2943
TR-153,2022-01-15,11.0,522.9,214.65,70.91,65.86,2.24,74.6,24.4,0.41,3061
TR-153,2022-04-15,11.25,337.2,167.26,130.3,53.1,36.04,64.9,24.1,1.01,3151
TR-153,2022-07-15,11.5,212.75,111.52,127.78,95.34,0.92,66.7,7.9,2.43,3194
TR-153,2022-10-15,11.75,631.98,265.95,98.4,41.69,0.05,69.1,7.3,0.97,3344
TR-153,2023-01-15,12.0,437.95,173.5,16.36,30.92,0.28,71.4,24.8,0.7,3431
TR-153,2023-04-15,12.25,658.76,164.56,70.88,126.78,4.63,70.2,22.9,0.18,3520
TR-153,2023-07-15,12.5,1070.65,176.79,130.01,60.74,13.5,65.6,4.5,3.35,3598
TR-153,2023-10-15,12.75,386.86,134.42,28.4,52.2,1.59,61.0,11.4,0.42,3669
TR-153,2024-01-15,13.0,348.84,51.56,23.01,38.98,4.26,62.4,25.3,2.32,3793
TR-155,2018-01-15,32.0,155.77,55.67,87.28,72.58,6.38,52.5,24.2,0.2,11010
TR-155,2018-04-15,32.25,313.36,230.04,166.9,13.38,0.19,55.3,20.7,3.7,11134
TR-155,2018-07-15,32.5,89.96,115.84,46.8,5.23,21.26,52.0,10.2,3.1,11226
TR-155,2018-10-15,32.75,216.5,155.46,85.3,11.51,16.18,48.9,11.7,2.08,11297
TR-155,2019-01-15,33.0,124.98,76.94,16.62,22.0,1.91,39.7,27.5,3.87,11361
TR-155,2019-04-15,33.25,143.52,98.73,53.61,83.73,3.71,48.2,24.3,2.88,11491
TR-155,2019-07-15,33.5,101.63,98.98,31.27,15.06,0.05,50.8,10.8,1.72,11601
TR-155,2019-10-15,33.75,187.91,185.86,40.47,84.36,11.1,52.9,11.4,5.76,11671
TR-155,2020-01-15,34.0,121.96,190.96,61.6,20.09,2.74,48.0,26.6,4.44,11729
TR-155,2020-04-15,34.25,193.2,86.54,36.04,32.7,8.03,45.7,22.5,0.54,11844
TR-155,2020-07-15,34.5,195.46,89.45,69.23,36.59,0.86,47.5,7.0,1.01,11957
TR-155,2020-10-15,34.75,348.72,180.59,169.72,10.85,0.05,51.6,12.6,0.24,12036
TR-155,2021-01-15,35.0,138.55,207.37,130.44,22.43,0.14,57.1,25.9,0.39,12147
TR-155,2021-04-15,35.25,281.01,149.65,76.35,7.12,0.54,48.9,25.4,0.16,12187
TR-155,2021-07-15,35.5,186.64,100.08,67.23,23.62,1.17,50.7,8.4,3.06,12290
TR-155,2021-10-15,35.75,195.27,214.51,55.67,22.3,1.52,53.6,10.9,0.0,12377
TR-155,2022-01-15,36.0,211.11,237.66,51.42,15.15,3.26,56.4,26.3,5.48,12496
TR-155,2022-04-15,36.25,157.44,163.59,47.76,35.24,0.05,61.6,23.6,0.48,12574
TR-155,2022-07-15,36.5,234.19,146.61,113.28,133.43,3.35,58.2,8.5,0.12,12683
TR-155,2022-10-15,36.75,202.78,135.6,56.86,15.9,0.05,59.5,10.8,1.13,12759
TR-155,2023-01-15,37.0,224.12,101.83,103.9,35.62,3.2,53.9,25.2,1.5,12842
TR-155,2023-04-15,37.25,146.47,169.88,87.04,84.65,0.91,60.3,24.5,2.34,12938
TR-155,2023-07-15,37.5,276.55,145.19,57.38,18.05,5.77,59.2,8.3,0.37,13025
TR-155,2023-10-15,37.75,231.32,103.28,24.27,98.11,8.6,68.4,10.0,2.51,13120
TR-155,2024-01-15,38.0,386.91,114.49,40.28,150.18,0.05,61.5,25.1,0.99,13232
TR-156,2018-01-15,11.0,96.71,243.22,96.18,136.24,0.05,68.2,26.1,0.46,3220
TR-156,2018-04-15,11.25,65.7,203.84,114.67,369.42,11.95,66.1,22.9,0.2,3334
TR-156,2018-07-15,11.5,19.53,280.68,96.58,289.82,0.54,75.9,9.4,0.28,3401
TR-156,2018-10-15,11.75,41.45,162.61,59.66,199.42,10.09,75.6,10.9,3.31,3506
TR-156,2019-01-15,12.0,34.63,158.11,182.36,250.54,0.05,66.3,26.2,1.55,3633
TR-156,2019-04-15,12.25,96.38,190.91,74.97,181.97,2.98,69.1,21.5,6.59,3715
TR-157,2018-01-15,22.0,396.38,584.06,96.91,95.15,50.31,65.5,24.5,1.38,7778
TR-157,2018-04-15,22.25,354.44,494.12,345.02,92.9,0.18,59.6,21.0,3.12,7893
TR-157,2018-07-15,22.5,176.97,377.5,111.84,118.18,0.05,57.9,9.6,0.16,7947
TR-157,2018-10-15,22.75,40.0,402.67,216.81,67.14,0.05,61.2,11.1,3.19,8041
TR-157,2019-01-15,23.0,175.75,473.69,250.74,124.54,1.22,54.3,29.3,1.0,8114
TR-157,2019-04-15,23.25,32.75,553.73,268.53,103.93,0.05,57.1,23.2,1.76,8245
TR-157,2019-07-15,23.5,55.71,763.86,149.56,153.17,0.05,49.6,10.0,0.29,8316
TR-157,2019-10-15,23.75,122.15,607.38,298.11,180.32,23.86,54.7,13.4,5.28,8413
TR-158,2018-01-15,9.0,63.15,42.77,15.55,12.45,0.43,54.6,24.4,0.43,2224
TR-158,2018-04-15,9.333333333333258,117.94,43.77,21.64,18.6,0.05,52.1,19.7,1.58,2344
TR-158,2018-08-15,9.666666666666515,45.85,83.26,62.55,10.63,0.37,61.0,8.3,2.69,2458
TR-158,2018-12-15,9.999999999999773,41.43,59.89,19.86,14.15,0.05,59.5,25.4,1.63,2555
TR-158,2019-04-15,10.33333333333303,51.74,45.27,25.03,3.21,0.05,60.3,18.4,1.64,2678
TR-158,2019-08-15,10.666666666666288,78.06,31.23,39.65,6.4,0.19,68.5,9.8,0.08,2839
TR-158,2019-12-15,10.999999999999545,66.56,33.17,3.57,8.57,0.05,59.5,24.4,1.95,2947
TR-158,2020-04-15,11.333333333332803,117.95,46.73,35.34,6.36,0.42,67.7,18.1,0.33,3068
TR-158,2020-08-15,11.66666666666606,58.61,69.56,57.34,14.34,0.4,58.7,7.7,2.04,3178
TR-158,2020-12-15,11.999999999999318,85.64,72.19,22.03,18.57,2.35,67.1,24.2,0.84,3315
TR-158,2021-04-15,12.333333333332575,62.82,100.79,28.68,49.02,0.05,59.9,18.7,1.02,3439
TR-158,2021-08-15,12.666666666665833,43.66,31.9,54.39,6.78,0.05,60.8,7.4,7.52,3571
TR-158,2021-12-15,12.99999999999909,59.43,27.79,50.48,33.63,0.15,54.2,24.7,1.0,3646
TR-158,2022-04-15,13.333333333332348,109.81,78.41,12.12,13.75,3.18,60.6,16.5,0.66,3798
TR-158,2022-08-15,13.666666666665606,61.75,46.56,5.73,28.69,0.05,47.6,7.7,1.83,3919
TR-158,2022-12-15,13.999999999998863,81.72,90.31,26.83,40.54,21.41,58.0,23.8,3.22,4006
TR-158,2023-04-15,14.33333333333212,54.1,47.45,14.83,26.88,0.28,47.4,18.9,0.72,4146
TR-158,2023-08-15,14.666666666665378,89.92,58.64,30.48,7.89,9.82,51.7,10.7,1.24,4287
TR-158,2023-12-15,14.999999999998636,76.78,31.49,13.53,10.23,3.41,44.5,26.5,7.98,4380
TR-160,2018-01-15,25.0,199.61,126.95,25.11,36.42,0.65,42.7,28.4,5.54,8224
TR-160,2018-04-15,25.333333333333258,179.06,116.11,26.29,4.27,3.3,54.1,17.6,0.16,8328
TR-160,2018-08-15,25.666666666666515,156.05,118.33,32.2,38.03,0.18,55.5,8.8,0.08,8418
TR-160,2018-12-15,25.999999999999773,217.5,123.42,35.22,24.58,11.7,46.0,25.5,0.25,8588
TR-160,2019-04-15,26.33333333333303,146.53,92.8,4.03,73.06,1.94,50.8,18.6,9.75,8667
TR-160,2019-08-15,26.666666666666288,117.56,124.8,51.03,7.0,14.11,46.1,9.4,0.16,8784
TR-160,2019-12-15,26.999999999999545,136.9,48.72,32.67,14.79,0.05,50.3,26.5,0.5,8937
TR-160,2020-04-15,27.333333333332803,227.59,76.6,39.43,10.93,1.58,54.8,15.8,1.4,9023
TR-160,2020-08-15,27.66666666666606,204.99,112.26,82.59,3.53,0.05,59.1,8.7,3.71,9163
TR-160,2020-12-15,27.999999999999318,162.31,112.24,140.82,29.0,0.05,54.5,23.7,3.48,9306
TR-160,2021-04-15,28.333333333332575,95.07,131.05,85.4,10.84,19.42,69.1,18.3,7.62,9390
TR-160,2021-08-15,28.666666666665833,110.72,102.38,79.73,71.68,5.05,64.9,6.3,4.6,9545
TR-160,2021-12-15,28.99999999999909,252.19,221.66,19.66,21.03,0.41,61.8,23.7,1.87,9675
TR-160,2022-04-15,29.333333333332348,259.65,164.08,12.75,14.42,0.97,64.8,18.9,1.33,9803
TR-160,2022-08-15,29.666666666665606,120.2,164.44,87.91,48.4,0.39,65.9,7.2,0.34,9893
TR-160,2022-12-15,29.999999999998863,242.41,207.9,72.38,40.31,1.04,56.0,26.8,8.63,10015
TR-160,2023-04-15,30.33333333333212,328.94,171.27,70.09,8.15,0.25,63.6,16.5,0.21,10144
TR-160,2023-08-15,30.666666666665378,160.4,132.65,39.61,118.29,0.24,57.8,7.0,1.03,10253
TR-160,2023-12-15,30.999999999998636,163.25,171.44,79.24,34.78,0.05,51.5,23.7,4.98,10369
TR-161,2018-01-15,15.0,33.59,114.02,19.48,35.58,1.59,45.7,25.9,1.1,5318
TR-161,2018-07-15,15.5,71.34,73.98,22.66,32.57,5.91,49.9,8.0,0.81,5467
TR-161,2019-01-15,16.0,129.24,70.41,20.08,19.64,0.8,54.3,22.3,1.24,5656
TR-161,2019-07-15,16.5,92.8,77.08,13.09,46.67,8.4,50.9,11.0,1.33,5851
TR-161,2020-01-15,17.0,58.06,59.93,46.48,2.65,0.08,46.1,24.6,1.43,6019
TR-161,2020-07-15,17.5,215.8,72.1,33.87,43.26,1.43,54.5,10.1,2.65,6186
TR-161,2021-01-15,18.0,98.23,105.88,22.19,32.12,0.11,52.3,25.6,10.58,6388
TR-161,2021-07-15,18.5,97.16,56.89,31.25,8.2,0.05,55.3,10.7,1.78,6570
TR-161,2022-01-15,19.0,131.31,119.72,67.69,30.12,1.64,65.7,26.7,1.45,6740
TR-161,2022-07-15,19.5,195.44,112.58,34.26,67.87,0.05,60.2,6.8,1.03,6954
TR-161,2023-01-15,20.0,94.47,53.05,22.1,9.73,0.95,62.1,24.7,2.43,7133
TR-161,2023-07-15,20.5,149.96,50.13,44.23,62.95,0.68,61.0,8.7,0.28,7273
TR-161,2024-01-15,21.0,133.6,97.98,46.06,18.18,0.47,61.6,24.8,5.76,7468
TR-163,2018-01-15,6.0,90.72,174.35,96.87,71.21,0.05,57.3,27.3,2.73,1968
TR-163,2018-04-15,6.3333333333332575,213.54,248.31,155.8,108.89,1.84,55.2,17.4,0.59,2087
TR-163,2018-08-15,6.666666666666515,50.64,210.02,23.21,79.72,1.16,48.4,6.3,0.14,2178
TR-163,2018-12-15,6.999999999999773,49.39,229.26,27.38,26.4,7.07,50.9,24.7,2.28,2315
TR-163,2019-04-15,7.33333333333303,63.17,290.01,148.15,104.64,0.43,49.0,20.3,0.67,2429
TR-163,2019-08-15,7.666666666666288,36.73,182.4,67.26,50.94,2.19,45.8,7.6,1.41,2567
TR-163,2019-12-15,7.999999999999545,24.65,263.7,122.77,140.65,0.19,56.0,24.8,0.82,2676
TR-163,2020-04-15,8.333333333332803,28.24,284.75,83.13,96.96,0.05,61.3,19.0,1.29,2835
TR-163,2020-08-15,8.66666666666606,76.69,223.72,37.29,53.3,13.89,59.2,8.9,0.26,2953
TR-163,2020-12-15,8.999999999999318,193.1,288.26,211.59,139.29,0.45,67.0,22.4,2.5,3039
TR-163,2021-04-15,9.333333333332575,19.03,430.41,66.96,77.26,0.08,62.9,17.3,4.58,3188
TR-163,2021-08-15,9.666666666665833,92.48,733.4,119.83,75.44,0.25,67.7,7.2,2.61,3315
TR-163,2021-12-15,9.99999999999909,73.62,260.96,163.17,34.92,0.49,63.9,24.5,0.09,3431
TR-163,2022-04-15,10.333333333332348,273.7,533.64,111.08,176.37,0.05,66.9,18.7,1.66,3523
TR-163,2022-08-15,10.666666666665606,88.22,263.17,130.06,22.88,0.08,67.5,9.1,4.18,3643
TR-163,2022-12-15,10.999999999998863,68.23,247.2,151.77,100.24,0.21,64.7,23.6,7.59,3796
TR-163,2023-04-15,11.33333333333212,127.14,262.68,69.79,125.35,0.05,72.8,17.8,1.52,3884
TR-163,2023-08-15,11.666666666665378,86.53,486.42,69.84,31.88,0.08,58.0,4.8,0.06,4056
TR-163,2023-12-15,11.999999999998636,126.02,477.42,168.3,223.41,48.21,70.0,25.4,0.15,4125
TR-164,2018-01-15,21.0,74.5,476.34,172.55,457.36,2.05,68.4,26.1,13.99,6584
TR-164,2018-04-15,21.333333333333258,267.49,1097.73,294.75,293.06,2.14,63.8,19.9,1.76,6742
TR-164,2018-08-15,21.666666666666515,260.81,582.78,220.65,97.44,19.46,65.5,6.6,1.05,6825
TR-164,2018-12-15,21.999999999999773,162.68,788.43,482.2,153.66,0.57,61.2,25.7,3.03,6972
TR-164,2019-04-15,22.33333333333303,148.13,728.34,97.89,236.98,0.05,61.0,18.5,1.54,7088
TR-164,2019-08-15,22.666666666666288,219.02,840.5,452.24,485.29,0.2,59.7,8.6,0.48,7201
TR-164,2019-12-15,22.999999999999545,183.64,762.82,242.58,195.69,5.64,54.3,28.7,9.23,7345
TR-164,2020-04-15,23.333333333332803,118.26,538.98,99.05,188.53,29.81,55.9,17.3,7.41,7454
TR-164,2020-08-15,23.66666666666606,140.71,295.1,142.2,114.67,0.47,55.4,7.0,0.48,7565
TR-164,2020-12-15,23.999999999999318,49.16,1109.68,213.08,161.86,0.24,61.6,26.0,0.93,7700
TR-164,2021-04-15,24.333333333332575,298.24,775.56,238.66,135.03,19.01,53.7,18.8,1.74,7814
TR-164,2021-08-15,24.666666666665833,193.51,527.82,159.07,255.83,1.52,56.7,6.7,1.14,7941
TR-164,2021-12-15,24.99999999999909,139.15,586.86,235.81,121.38,45.05,55.8,25.9,0.49,8049
TR-164,2022-04-15,25.333333333332348,47.47,729.25,175.94,35.56,8.7,54.3,22.1,3.14,8145
TR-164,2022-08-15,25.666666666665606,420.31,1045.61,267.14,185.13,0.93,60.7,8.5,1.03,8268
TR-165,2018-01-15,3.0,26.39,157.44,104.34,28.87,0.16,74.3,25.1,3.98,309
TR-165,2018-04-15,3.3333333333332575,29.61,131.93,49.56,41.5,0.05,62.4,15.7,1.74,438
TR-165,2018-08-15,3.666666666666515,27.8,126.05,85.6,50.52,1.25,63.8,9.8,2.3,565
TR-165,2018-12-15,3.9999999999997726,28.5,238.87,49.36,40.61,0.05,67.1,24.3,1.26,689
TR-165,2019-04-15,4.33333333333303,20.33,90.63,13.34,17.93,0.05,62.4,17.0,1.26,812
TR-165,2019-08-15,4.666666666666288,22.55,139.69,71.67,27.91,0.05,61.3,6.1,0.16,909
TR-165,2019-12-15,4.999999999999545,42.47,140.42,10.94,43.87,7.64,59.4,24.0,1.21,1018
TR-165,2020-04-15,5.333333333332803,69.92,244.56,80.55,37.39,1.45,53.6,17.3,3.44,1176
TR-165,2020-08-15,5.66666666666606,52.42,166.53,110.4,47.86,1.76,52.1,9.2,0.0,1304
TR-165,2020-12-15,5.999999999999318,101.37,268.46,156.67,43.68,0.05,54.7,27.3,0.82,1404
TR-165,2021-04-15,6.333333333332575,26.49,172.02,42.81,13.1,0.05,46.7,19.1,5.89,1489
TR-165,2021-08-15,6.666666666665833,36.78,134.36,52.16,68.47,0.05,57.6,9.4,2.86,1621
TR-165,2021-12-15,6.9999999999990905,64.18,222.43,43.1,86.83,6.91,55.9,23.1,0.66,1752
TR-165,2022-04-15,7.333333333332348,106.93,221.18,122.3,116.66,0.22,52.3,17.9,3.64,1877
TR-165,2022-08-15,7.666666666665606,224.89,219.27,158.49,208.47,8.84,56.2,7.6,6.24,2017
TR-165,2022-12-15,7.999999999998863,85.39,296.28,47.53,64.7,0.1,60.7,27.3,2.07,2118
TR-165,2023-04-15,8.33333333333212,121.66,224.39,53.19,33.14,0.05,62.0,18.8,6.54,2257
TR-165,2023-08-15,8.666666666665378,63.37,235.99,100.49,37.32,0.05,54.8,9.4,3.14,2364
TR-165,2023-12-15,8.999999999998636,87.21,261.22,109.74,97.63,11.02,65.3,25.4,3.13,2512
TR-166,2018-01-15,6.0,33.86,27.41,12.65,7.69,1.66,46.6,25.3,3.08,2170
TR-166,2018-04-15,6.3333333333332575,26.32,16.14,4.35,6.11,0.24,45.8,16.8,4.32,2279
TR-166,2018-08-15,6.666666666666515,33.96,20.93,7.67,8.55,0.09,40.5,8.2,0.56,2410
TR-166,2018-12-15,6.999999999999773,43.38,34.91,44.54,14.82,0.91,49.9,26.1,1.36,2521
TR-166,2019-04-15,7.33333333333303,62.26,44.79,20.8,12.82,0.16,52.0,21.1,0.07,2685
TR-166,2019-08-15,7.666666666666288,67.27,32.41,9.44,1.31,0.05,48.4,7.4,0.82,2800
TR-166,2019-12-15,7.999999999999545,31.37,44.15,31.74,18.74,0.05,52.5,22.9,0.05,2929
TR-166,2020-04-15,8.333333333332803,33.86,25.06,23.45,11.7,0.05,46.4,16.5,0.08,3040
TR-166,2020-08-15,8.66666666666606,34.39,59.52,13.97,18.09,0.12,53.4,8.4,0.36,3120
TR-166,2020-12-15,8.999999999999318,64.79,27.02,14.47,20.6,4.5,56.1,24.3,1.32,3279
TR-166,2021-04-15,9.333333333332575,76.34,71.86,26.63,12.91,0.05,63.0,19.2,0.49,3407
TR-166,2021-08-15,9.666666666665833,132.57,79.35,16.24,50.72,0.29,57.8,7.8,1.24,3484
TR-166,2021-12-15,9.99999999999909,56.73,60.14,24.28,11.18,0.05,61.1,25.7,0.67,3660
TR-166,2022-04-15,10.333333333332348,73.16,35.66,25.54,4.24,8.85,59.9,19.2,8.29,3740
TR-166,2022-08-15,10.666666666665606,52.54,22.54,16.71,11.7,0.59,59.6,7.4,0.54,3885
TR-166,2022-12-15,10.999999999998863,39.03,34.45,57.0,28.74,0.51,61.8,23.6,5.11,4022
TR-166,2023-04-15,11.33333333333212,125.55,45.04,18.87,11.7,0.05,60.4,18.1,0.82,4130
TR-166,2023-08-15,11.666666666665378,73.98,92.72,30.99,25.9,10.56,56.6,8.6,3.76,4239
TR-166,2023-12-15,11.999999999998636,58.37,52.54,46.29,16.57,0.95,58.3,22.8,1.63,4372
TR-167,2018-01-15,19.0,89.66,112.02,41.42,36.56,0.8,63.9,27.1,1.07,6556
TR-167,2018-04-15,19.333333333333258,91.54,122.27,45.06,7.17,0.05,60.0,16.3,0.06,6675
TR-167,2018-08-15,19.666666666666515,79.46,59.69,36.59,3.42,0.17,56.4,7.8,1.47,6836
TR-167,2018-12-15,19.999999999999773,134.92,129.63,88.26,11.95,0.26,69.1,25.0,0.16,6958
TR-167,2019-04-15,20.33333333333303,92.96,90.64,22.17,16.04,0.05,64.7,16.2,2.82,7043
TR-167,2019-08-15,20.666666666666288,143.03,92.3,16.27,8.31,0.14,60.9,7.1,0.01,7187
TR-167,2019-12-15,20.999999999999545,110.62,48.87,24.94,0.83,0.05,62.5,24.4,1.05,7283
TR-167,2020-04-15,21.333333333332803,168.89,79.37,37.12,8.08,0.55,68.6,18.5,9.41,7407
TR-167,2020-08-15,21.66666666666606,77.0,75.46,43.36,22.18,2.2,59.7,9.3,0.14,7555
TR-167,2020-12-15,21.999999999999318,150.04,71.51,12.26,14.24,2.26,57.5,25.8,4.7,7694
TR-167,2021-04-15,22.333333333332575,203.01,51.38,145.63,11.36,0.46,58.2,19.4,0.51,7802
TR-167,2021-08-15,22.666666666665833,141.42,197.38,26.44,15.23,4.33,56.0,5.1,8.33,7902
TR-167,2021-12-15,22.99999999999909,67.37,44.72,29.93,8.38,0.46,49.4,23.4,0.86,8019
TR-167,2022-04-15,23.333333333332348,90.18,113.5,58.81,81.89,0.72,42.7,18.7,0.87,8165
TR-167,2022-08-15,23.666666666665606,164.96,127.86,63.87,38.57,0.05,52.8,5.0,2.91,8272
TR-167,2022-12-15,23.999999999998863,208.05,66.43,23.48,51.12,2.82,47.1,25.7,0.7,8422
TR-167,2023-04-15,24.33333333333212,82.21,112.62,37.0,19.81,0.05,47.0,14.8,3.36,8547
TR-167,2023-08-15,24.666666666665378,98.68,57.53,23.28,31.17,21.42,42.8,8.0,1.85,8620
TR-167,2023-12-15,24.999999999998636,95.85,52.38,70.27,15.02,3.08,42.9,27.4,4.21,8745
TR-169,2018-01-15,6.0,339.73,90.45,21.07,20.79,0.6,51.3,24.8,0.86,1118
TR-169,2018-04-15,6.3333333333332575,246.02,69.55,23.14,14.88,0.7,50.7,16.2,5.27,1283
TR-169,2018-08-15,6.666666666666515,188.96,44.91,23.96,21.33,0.05,53.6,9.0,5.73,1387
TR-169,2018-12-15,6.999999999999773,259.8,85.87,21.14,30.03,0.54,49.8,25.4,2.33,1511
TR-169,2019-04-15,7.33333333333303,378.83,157.18,64.37,6.97,14.92,47.0,17.6,6.52,1600
TR-169,2019-08-15,7.666666666666288,269.26,71.82,95.73,14.88,0.92,54.4,7.8,1.47,1726
TR-169,2019-12-15,7.999999999999545,310.77,94.83,17.15,26.18,0.35,48.4,23.5,0.13,1856
TR-169,2020-04-15,8.333333333332803,322.21,82.52,47.85,47.74,0.89,55.3,18.7,0.24,2005
TR-169,2020-08-15,8.66666666666606,227.34,93.09,51.74,20.45,15.27,62.3,8.8,1.06,2083
TR-169,2020-12-15,8.999999999999318,343.53,68.2,18.22,48.02,1.18,58.4,24.0,1.16,2234
TR-169,2021-04-15,9.333333333332575,501.94,193.04,83.93,54.57,59.13,61.2,17.6,1.41,2372
TR-169,2021-08-15,9.666666666665833,493.42,278.07,22.85,29.08,5.31,64.3,7.6,0.25,2456
TR-169,2021-12-15,9.99999999999909,432.19,125.11,20.34,37.22,0.05,63.4,21.3,0.46,2594
TR-169,2022-04-15,10.333333333332348,299.46,284.44,22.6,35.64,13.83,65.3,17.4,2.64,2744
TR-169,2022-08-15,10.666666666665606,384.51,150.76,22.87,91.82,0.89,67.0,6.8,2.65,2851
TR-169,2022-12-15,10.999999999998863,460.01,185.56,263.26,88.36,20.08,68.1,25.2,2.14,2975
TR-169,2023-04-15,11.33333333333212,426.05,329.85,68.69,116.04,1.74,70.7,17.5,2.28,3099
TR-169,2023-08-15,11.666666666665378,140.69,37.22,28.16,50.82,0.18,67.1,7.3,1.91,3211
TR-169,2023-12-15,11.999999999998636,511.37,287.82,375.86,160.33,9.55,71.2,24.6,0.26,3337
TR-170,2018-01-15,5.0,4.06,91.1,36.01,131.81,2.4,59.8,25.9,0.82,1112
TR-170,2018-07-15,5.5,46.04,135.47,43.55,50.12,27.72,55.4,7.9,1.76,1335
TR-170,2019-01-15,6.0,50.44,184.15,40.39,103.14,0.31,51.2,27.3,0.11,1499
TR-170,2019-07-15,6.5,15.5,119.02,43.4,291.13,0.19,58.0,11.6,0.47,1708
TR-170,2020-01-15,7.0,70.27,227.26,43.64,116.01,1.72,51.9,23.4,0.65,1855
TR-170,2020-07-15,7.5,38.78,173.1,46.12,89.18,0.09,48.9,12.3,0.02,2062
TR-171,2018-01-15,8.0,47.38,23.58,12.55,5.68,4.39,51.4,24.5,2.85,2052
TR-171,2018-04-15,8.333333333333258,50.02,39.45,30.07,13.94,0.05,52.8,18.2,1.45,2158
TR-171,2018-08-15,8.666666666666515,42.26,54.96,40.21,4.33,0.06,55.3,8.9,2.69,2264
TR-171,2018-12-15,8.999999999999773,47.81,26.82,27.39,12.44,5.02,52.3,25.2,0.7,2418
TR-171,2019-04-15,9.33333333333303,49.11,47.61,12.41,4.59,0.66,58.4,16.9,0.3,2520
TR-171,2019-08-15,9.666666666666288,52.42,39.63,25.96,12.06,0.71,58.3,4.2,2.37,2647
TR-171,2019-12-15,9.999999999999545,75.54,74.53,39.1,6.06,0.07,60.8,27.3,0.37,2789
TR-171,2020-04-15,10.333333333332803,82.12,47.3,45.92,8.48,12.69,60.2,17.8,0.92,2915
TR-171,2020-08-15,10.66666666666606,65.89,28.22,11.98,8.43,0.05,62.6,7.2,0.97,3028
TR-171,2020-12-15,10.999999999999318,73.75,23.62,19.2,5.94,0.05,60.2,23.9,1.06,3122
TR-171,2021-04-15,11.333333333332575,57.31,51.64,30.05,24.92,1.6,63.8,14.9,0.7,3233
TR-171,2021-08-15,11.666666666665833,97.93,109.5,97.72,6.55,5.64,66.5,9.6,0.28,3354
TR-171,2021-12-15,11.99999999999909,55.41,19.46,50.09,24.91,1.27,62.8,24.2,1.34,3495
TR-171,2022-04-15,12.333333333332348,57.74,85.77,11.75,10.91,3.54,62.8,15.1,6.03,3595
TR-171,2022-08-15,12.666666666665606,92.29,62.79,32.02,13.82,0.05,61.5,8.3,0.17,3756
TR-171,2022-12-15,12.999999999998863,103.43,31.16,13.31,3.43,0.51,58.2,27.6,4.91,3839
TR-171,2023-04-15,13.33333333333212,89.62,22.93,24.92,46.93,0.18,52.5,20.7,2.16,3976
TR-171,2023-08-15,13.666666666665378,100.31,83.49,24.77,2.11,0.14,52.5,6.4,2.46,4137
TR-171,2023-12-15,13.999999999998636,47.99,49.18,24.88,13.77,2.18,47.9,26.9,0.24,4219
TR-172,2018-01-15,7.0,51.22,29.74,20.26,8.35,0.47,45.9,26.7,0.52,1658
TR-172,2018-07-15,7.5,35.66,49.5,16.61,9.28,3.26,50.0,8.5,4.08,1827
TR-172,2019-01-15,8.0,36.6,35.21,15.21,15.86,0.05,49.4,22.9,7.16,2000
TR-172,2019-07-15,8.5,59.18,39.31,23.09,23.51,0.95,52.3,12.2,0.39,2186
TR-172,2020-01-15,9.0,48.59,33.47,33.45,12.61,0.05,52.9,24.9,4.5,2416
TR-172,2020-07-15,9.5,34.06,43.36,16.69,8.61,0.24,57.3,8.5,4.0,2543
TR-172,2021-01-15,10.0,82.84,34.46,7.04,14.81,0.05,60.9,26.3,2.03,2747
TR-172,2021-07-15,10.5,82.97,40.77,36.35,22.01,0.8,62.5,12.3,2.17,2943
TR-172,2022-01-15,11.0,102.07,119.45,22.73,27.74,0.05,67.8,24.7,5.36,3114
TR-172,2022-07-15,11.5,129.97,65.79,20.81,29.79,0.19,69.2,9.0,2.51,3301
TR-172,2023-01-15,12.0,103.38,92.57,33.75,3.74,0.54,62.6,24.9,0.39,3478
TR-172,2023-07-15,12.5,103.33,64.54,101.88,15.21,0.54,62.7,8.6,0.55,3694
TR-172,2024-01-15,13.0,68.36,46.26,48.25,22.55,0.05,49.1,25.5,2.86,3864
TR-174,2018-01-15,4.0,109.68,111.08,35.55,148.55,18.43,62.0,26.9,5.29,1309
TR-174,2018-04-15,4.3333333333332575,96.35,92.36,0.41,96.53,7.05,58.8,17.6,1.69,1445
TR-174,2018-08-15,4.666666666666515,134.95,64.39,95.02,37.87,11.11,60.0,7.3,4.62,1584
TR-174,2018-12-15,4.999999999999773,85.9,100.19,56.15,131.01,56.31,57.9,26.7,2.27,1704
TR-174,2019-04-15,5.33333333333303,94.35,97.49,15.04,130.21,47.83,56.2,19.4,3.2,1818
TR-174,2019-08-15,5.666666666666288,137.02,61.25,1.11,141.87,36.44,58.5,6.7,3.52,1933
TR-174,2019-12-15,5.999999999999545,202.16,24.81,5.93,202.29,29.55,51.3,27.2,3.11,2067
TR-174,2020-04-15,6.333333333332803,110.22,103.7,8.97,99.42,39.66,52.8,19.6,5.44,2170
TR-174,2020-08-15,6.66666666666606,113.03,51.7,33.46,117.45,24.41,57.6,8.2,1.7,2315
TR-177,2018-01-15,3.0,162.21,85.46,1.16,100.43,33.47,73.3,27.9,1.23,453
TR-177,2018-07-15,3.5,206.65,56.37,25.67,125.57,52.97,72.6,8.9,5.51,657
TR-177,2019-01-15,4.0,197.77,36.91,2.32,93.68,8.73,62.5,23.7,8.97,823
TR-179,2018-01-15,0.0,11.07,10.84,0.97,4.47,0.06,55.1,25.6,2.13,30
TR-179,2018-07-15,0.5,9.7,14.96,16.33,2.31,0.25,57.0,9.0,2.96,30
TR-179,2019-01-15,1.0,28.48,14.34,3.12,3.24,0.05,67.6,28.0,1.2,30
TR-179,2019-07-15,1.5,19.52,11.55,5.52,1.63,0.05,59.8,11.5,0.26,30
TR-179,2020-01-15,2.0,37.0,15.43,12.69,13.1,0.05,70.1,25.1,2.21,30
TR-179,2020-07-15,2.5,21.47,19.18,4.72,3.73,0.07,53.3,8.8,0.87,55
TR-179,2021-01-15,3.0,58.22,23.0,18.02,5.62,3.66,55.2,23.1,0.06,270
TR-179,2021-07-15,3.5,27.99,18.61,21.98,12.28,0.05,66.0,8.8,4.35,447
TR-179,2022-01-15,4.0,35.07,24.03,9.74,5.1,1.39,54.8,23.5,4.77,582
TR-179,2022-07-15,4.5,39.01,23.39,10.6,1.42,0.05,50.0,7.8,1.89,820
TR-179,2023-01-15,5.0,42.53,32.86,10.88,3.79,0.74,59.9,24.9,3.8,953
TR-179,2023-07-15,5.5,37.34,26.75,8.59,7.88,0.05,48.3,7.9,9.04,1148
TR-179,2024-01-15,6.0,29.26,38.94,13.92,5.38,0.05,39.0,26.8,1.56,1370
TR-181,2018-01-15,19.0,97.82,92.87,70.68,22.06,0.05,59.9,22.1,5.07,6159
TR-181,2018-04-15,19.333333333333258,114.59,55.96,52.61,8.57,1.91,64.2,18.9,0.66,6272
TR-181,2018-08-15,19.666666666666515,131.25,66.01,20.34,14.99,0.3,63.1,7.7,1.0,6422
TR-181,2018-12-15,19.999999999999773,115.81,71.0,33.99,15.81,0.07,65.7,23.5,1.9,6501
TR-181,2019-04-15,20.33333333333303,195.66,90.77,4.1,17.53,0.49,67.5,18.6,3.32,6674
TR-181,2019-08-15,20.666666666666288,156.27,63.45,93.22,4.55,7.62,62.7,7.6,0.76,6799
TR-181,2019-12-15,20.999999999999545,101.22,58.81,47.88,43.48,0.25,61.8,24.8,1.83,6906
TR-181,2020-04-15,21.333333333332803,98.8,28.34,5.92,17.52,1.5,58.5,18.4,2.01,7036
TR-181,2020-08-15,21.66666666666606,152.44,71.74,42.77,14.01,0.32,52.8,9.5,7.02,7117
TR-181,2020-12-15,21.999999999999318,103.74,24.46,116.04,11.58,3.38,62.7,25.8,0.54,7257
TR-181,2021-04-15,22.333333333332575,114.09,83.04,16.22,14.25,2.8,55.8,17.8,0.97,7398
TR-181,2021-08-15,22.666666666665833,210.53,162.01,113.15,55.8,53.46,60.4,7.8,1.06,7521
TR-181,2021-12-15,22.99999999999909,212.35,107.6,17.45,24.54,0.05,54.4,25.3,3.6,7615
TR-181,2022-04-15,23.333333333332348,130.43,68.28,24.01,2.18,0.91,41.8,17.4,2.83,7772
TR-181,2022-08-15,23.666666666665606,131.3,62.2,36.82,18.58,0.05,46.1,11.5,0.34,7887
TR-181,2022-12-15,23.999999999998863,179.69,203.96,74.55,18.38,0.05,50.6,24.3,0.7,7979
TR-181,2023-04-15,24.33333333333212,167.34,66.19,23.41,8.42,0.65,55.8,16.7,1.04,8131
TR-181,2023-08-15,24.666666666665378,183.58,44.08,40.31,8.14,10.43,45.2,5.7,1.09,8211
TR-181,2023-12-15,24.999999999998636,162.8,122.72,96.43,46.4,0.58,48.1,24.7,0.21,8337
TR-183,2018-01-15,4.0,56.75,37.62,19.11,18.75,1.88,58.7,23.8,1.58,466
TR-183,2018-04-15,4.3333333333332575,37.8,23.57,8.2,8.31,0.05,60.8,16.5,5.75,595
TR-183,2018-08-15,4.666666666666515,61.41,23.09,14.86,3.9,0.05,53.4,7.8,1.75,686
TR-183,2018-12-15,4.999999999999773,60.14,26.5,21.13,10.14,0.69,52.3,28.5,2.2,836
TR-183,2019-04-15,5.33333333333303,16.37,25.43,14.39,5.67,3.28,53.6,18.0,0.32,927
TR-183,2019-08-15,5.666666666666288,39.58,16.01,10.87,13.46,0.1,50.6,7.3,2.83,1038
TR-183,2019-12-15,5.999999999999545,36.02,34.48,3.33,13.16,0.05,47.6,25.7,0.93,1178
TR-183,2020-04-15,6.333333333332803,29.13,19.43,21.3,6.49,0.12,48.9,18.8,0.32,1285
TR-183,2020-08-15,6.66666666666606,68.91,10.16,8.63,3.4,0.42,46.2,8.7,1.09,1398
TR-183,2020-12-15,6.999999999999318,93.21,21.5,12.23,9.72,0.05,48.7,25.9,0.85,1527
TR-183,2021-04-15,7.333333333332575,34.3,47.03,17.15,4.57,10.05,50.5,20.0,5.33,1674
TR-183,2021-08-15,7.666666666665833,53.01,13.26,11.93,14.16,0.05,53.6,8.9,8.29,1796
TR-183,2021-12-15,7.9999999999990905,37.94,30.22,29.8,3.32,0.05,50.7,27.6,3.9,1934
TR-183,2022-04-15,8.333333333332348,77.54,58.62,19.82,2.36,0.08,56.3,16.6,0.54,2065
TR-183,2022-08-15,8.666666666665606,81.05,33.37,12.73,9.29,0.3,56.7,5.8,1.54,2149
TR-183,2022-12-15,8.999999999998863,53.77,38.4,30.93,19.97,0.3,52.5,25.9,0.11,2286
TR-183,2023-04-15,9.33333333333212,52.39,75.52,28.83,7.96,0.93,62.4,18.3,6.83,2407
TR-183,2023-08-15,9.666666666665378,106.61,76.06,33.45,36.65,0.05,57.7,9.7,1.7,2513
TR-183,2023-12-15,9.999999999998636,38.84,24.5,39.19,8.15,0.05,55.8,22.9,2.85,2641
TR-185,2018-01-15,9.0,73.54,68.98,17.67,43.37,4.67,54.9,24.2,1.14,2622
TR-185,2018-07-15,9.5,50.1,29.05,25.56,19.83,0.17,48.1,7.7,0.35,2801
TR-185,2019-01-15,10.0,31.31,75.06,45.74,21.17,0.71,64.0,23.4,0.21,2974
TR-185,2019-07-15,10.5,75.79,39.07,18.38,19.78,0.68,59.5,9.2,0.42,3207
TR-185,2020-01-15,11.0,61.43,47.16,37.66,13.26,0.05,56.5,25.2,0.25,3356
TR-185,2020-07-15,11.5,118.93,53.86,18.59,20.55,0.05,55.7,8.3,6.36,3542
TR-185,2021-01-15,12.0,59.91,50.96,10.54,40.24,1.04,57.8,24.6,0.0,3751
TR-185,2021-07-15,12.5,46.63,74.49,40.8,29.36,0.88,60.3,11.2,0.93,3901
TR-185,2022-01-15,13.0,86.03,31.53,28.15,5.86,0.05,58.9,25.6,3.62,4104
TR-185,2022-07-15,13.5,72.73,79.69,33.43,18.62,25.71,55.1,7.9,1.26,4269
TR-185,2023-01-15,14.0,70.35,71.53,38.4,17.2,1.01,50.3,25.4,0.08,4486
TR-185,2023-07-15,14.5,90.08,55.27,17.02,11.46,0.05,54.4,10.9,1.43,4627
TR-185,2024-01-15,15.0,87.1,42.36,17.31,26.48,28.52,48.7,24.8,0.65,4826
TR-186,2018-01-15,18.0,94.14,291.27,131.55,220.0,3.21,63.3,23.5,0.09,5847
TR-186,2018-04-15,18.25,163.57,758.32,183.68,324.04,0.85,59.6,20.1,0.54,5944
TR-186,2018-07-15,18.5,271.46,511.97,241.19,194.44,0.05,60.9,10.4,12.17,6016
TR-186,2018-10-15,18.75,139.55,550.46,119.19,231.34,8.16,61.3,12.1,2.52,6135
TR-186,2019-01-15,19.0,57.59,694.65,223.63,247.71,16.05,69.5,25.9,1.75,6184
TR-186,2019-04-15,19.25,154.46,323.81,158.95,125.82,1.9,69.1,23.8,9.66,6289
TR-186,2019-07-15,19.5,179.67,379.89,210.8,269.61,28.4,67.4,7.7,0.91,6410
TR-186,2019-10-15,19.75,73.05,750.67,132.88,164.66,28.26,71.0,9.1,0.49,6480
TR-186,2020-01-15,20.0,76.87,742.84,365.12,143.74,37.91,63.4,26.6,0.39,6582
TR-186,2020-04-15,20.25,86.33,567.2,138.81,85.27,44.01,71.2,22.4,0.98,6684
TR-186,2020-07-15,20.5,156.69,442.01,309.61,190.11,88.2,64.5,7.5,1.27,6764
TR-186,2020-10-15,20.75,216.45,739.14,175.08,247.83,1.12,65.6,12.2,0.53,6866
TR-186,2021-01-15,21.0,132.19,448.94,238.07,249.54,0.05,70.4,24.5,1.57,6961
TR-186,2021-04-15,21.25,482.93,631.4,227.18,232.26,87.69,72.3,22.5,3.72,7010
TR-186,2021-07-15,21.5,63.5,1052.65,356.97,121.23,8.28,71.2,7.3,2.21,7112
TR-186,2021-10-15,21.75,117.83,605.66,340.4,244.79,5.98,67.2,10.2,3.79,7225
TR-186,2022-01-15,22.0,103.16,404.93,253.32,172.88,2.42,63.9,26.6,0.4,7318
TR-186,2022-04-15,22.25,54.45,603.56,33.44,59.63,37.84,59.4,23.1,1.1,7414
TR-187,2018-01-15,13.0,110.99,37.11,23.8,25.49,0.3,58.9,25.0,0.08,4520
TR-187,2018-07-15,13.5,105.68,91.38,59.74,19.72,0.05,53.5,5.9,1.58,4700
TR-187,2019-01-15,14.0,96.17,66.74,31.18,16.7,0.05,45.3,24.1,2.27,4911
TR-187,2019-07-15,14.5,84.63,84.29,20.96,17.02,1.27,52.4,7.2,1.2,5084
TR-187,2020-01-15,15.0,97.81,41.71,9.4,2.82,0.05,49.1,23.4,0.22,5282
TR-187,2020-07-15,15.5,142.02,66.53,43.08,7.25,1.49,49.9,5.7,1.86,5451
TR-187,2021-01-15,16.0,92.61,84.27,62.66,58.6,0.08,53.0,25.9,1.7,5607
TR-187,2021-07-15,16.5,223.39,139.18,33.89,11.84,0.16,46.0,11.5,0.46,5823
TR-187,2022-01-15,17.0,100.35,120.17,35.73,17.35,0.19,55.5,23.7,0.13,5966
TR-187,2022-07-15,17.5,73.01,61.0,27.65,13.45,0.87,44.0,9.1,1.06,6195
TR-187,2023-01-15,18.0,185.8,122.49,48.77,64.28,0.61,65.2,25.7,1.82,6352
TR-187,2023-07-15,18.5,103.4,49.78,32.3,2.78,0.19,56.7,8.5,1.49,6519
TR-187,2024-01-15,19.0,121.82,184.77,19.39,15.79,2.59,61.3,24.4,0.74,6738
TR-188,2018-01-15,27.0,242.55,610.67,227.34,78.19,0.06,58.9,23.6,2.67,9264
TR-188,2018-04-15,27.333333333333258,34.77,557.19,219.11,133.98,0.48,62.4,18.0,6.15,9372
TR-189,2018-01-15,12.0,89.04,39.95,33.86,27.34,1.58,63.3,24.8,3.18,4185
TR-189,2018-04-15,12.333333333333258,63.43,89.16,27.62,18.95,0.05,59.1,17.3,6.06,4303
TR-189,2018-08-15,12.666666666666515,96.88,32.6,34.17,12.6,0.17,54.2,9.1,0.16,4399
TR-189,2018-12-15,12.999999999999773,82.35,65.15,13.08,7.78,2.46,58.3,25.4,1.1,4506
TR-189,2019-04-15,13.33333333333303,69.92,44.34,24.14,25.76,1.1,54.2,18.0,2.11,4678
TR-189,2019-08-15,13.666666666666288,66.43,85.18,52.04,20.16,2.14,49.3,10.0,0.47,4808
TR-189,2019-12-15,13.999999999999545,64.97,71.65,25.52,21.4,0.05,44.0,26.0,2.38,4876
TR-189,2020-04-15,14.333333333332803,77.47,67.27,44.38,28.72,1.06,47.5,17.2,1.29,5047
TR-189,2020-08-15,14.66666666666606,103.58,102.72,55.98,17.59,0.32,56.6,10.4,1.93,5142
TR-189,2020-12-15,14.999999999999318,68.86,55.12,57.1,25.42,0.26,50.7,22.4,0.71,5257
TR-189,2021-04-15,15.333333333332575,46.72,56.23,42.2,27.29,0.73,51.2,14.8,0.41,5376
TR-189,2021-08-15,15.666666666665833,44.75,101.94,14.61,10.31,1.85,40.6,6.3,0.98,5532
TR-189,2021-12-15,15.99999999999909,101.97,42.98,36.3,25.62,0.1,46.4,23.5,4.56,5613
TR-189,2022-04-15,16.333333333332348,176.83,74.75,42.66,15.39,2.15,49.4,19.5,1.87,5781
TR-189,2022-08-15,16.666666666665606,199.54,80.63,64.82,36.24,0.61,50.8,6.8,0.08,5846
TR-189,2022-12-15,16.999999999998863,89.38,62.34,38.08,23.99,3.77,51.2,22.0,2.0,6010
TR-189,2023-04-15,17.33333333333212,101.42,66.84,24.32,41.79,51.32,55.6,16.3,0.56,6100
TR-189,2023-08-15,17.666666666665378,84.62,44.83,38.53,35.28,0.22,56.3,7.1,1.26,6254
TR-189,2023-12-15,17.999999999998636,199.76,157.43,39.75,29.18,0.05,61.4,24.5,2.6,6347
TR-191,2018-01-15,3.0,30.28,144.87,84.67,85.2,0.32,68.5,26.7,1.21,60
TR-191,2018-07-15,3.5,40.69,64.19,14.14,71.88,0.05,68.2,7.7,0.65,200
TR-191,2019-01-15,4.0,64.94,115.34,38.64,37.18,1.03,64.5,24.2,0.23,375
TR-191,2019-07-15,4.5,67.72,66.25,28.58,57.55,2.0,61.8,9.9,1.87,607
TR-191,2020-01-15,5.0,54.81,198.82,58.43,54.97,1.47,54.3,23.8,2.79,757
TR-191,2020-07-15,5.5,15.62,222.91,57.08,71.7,0.73,57.9,7.3,2.58,928
TR-191,2021-01-15,6.0,37.98,115.38,37.64,50.05,1.28,51.8,25.3,2.15,1115
TR-191,2021-07-15,6.5,34.41,223.65,27.42,50.15,10.2,49.1,8.4,0.89,1331
TR-191,2022-01-15,7.0,102.34,178.04,123.17,29.2,0.05,50.9,24.7,11.03,1505
TR-191,2022-07-15,7.5,72.65,193.53,61.07,28.45,0.22,53.4,9.1,0.37,1685
TR-191,2023-01-15,8.0,33.33,128.44,139.97,63.92,8.01,49.9,24.8,2.22,1837
TR-191,2023-07-15,8.5,20.08,181.21,81.77,53.9,0.05,55.1,9.8,0.19,2026
TR-191,2024-01-15,9.0,55.32,285.89,141.15,107.6,4.15,63.4,23.1,7.35,2236
TR-193,2018-01-15,25.0,680.89,170.59,118.66,34.83,37.28,56.5,27.3,0.53,8770
TR-193,2018-04-15,25.25,380.57,201.49,52.3,66.62,0.05,55.5,22.9,1.41,8856
TR-193,2018-07-15,25.5,638.98,465.74,152.73,28.35,13.7,55.5,9.6,0.13,8952
TR-193,2018-10-15,25.75,950.18,303.47,32.44,105.16,3.58,56.7,10.5,1.24,9058
TR-193,2019-01-15,26.0,626.39,383.98,24.19,72.06,0.05,53.5,24.4,2.75,9110
TR-194,2018-01-15,10.0,133.56,78.78,42.22,4.18,0.08,61.1,25.9,2.34,2718
TR-194,2018-04-15,10.333333333333258,61.07,33.54,21.32,4.09,0.05,59.7,19.6,3.56,2833
TR-194,2018-08-15,10.666666666666515,111.91,45.37,26.04,42.52,0.92,57.4,7.5,2.11,2957
TR-194,2018-12-15,10.999999999999773,40.56,63.95,29.73,23.86,0.73,65.6,24.0,2.25,3125
TR-194,2019-04-15,11.33333333333303,69.99,45.07,31.7,5.06,3.95,55.5,19.6,0.57,3222
TR-194,2019-08-15,11.666666666666288,48.84,49.33,17.28,4.78,0.69,60.0,4.5,0.89,3312
TR-194,2019-12-15,11.999999999999545,90.66,63.25,5.8,16.59,4.42,55.1,22.4,1.33,3451
TR-194,2020-04-15,12.333333333332803,100.79,46.34,34.92,9.73,2.92,61.6,17.8,1.87,3575
TR-194,2020-08-15,12.66666666666606,75.25,75.29,22.03,12.07,0.05,55.7,8.5,9.2,3691
TR-194,2020-12-15,12.999999999999318,87.28,23.78,41.85,15.97,7.19,57.7,25.2,5.44,3848
TR-194,2021-04-15,13.333333333332575,97.18,22.18,11.85,21.86,0.08,50.8,19.5,0.35,3938
TR-194,2021-08-15,13.666666666665833,81.27,60.16,25.51,9.52,0.37,58.4,7.5,0.15,4057
TR-194,2021-12-15,13.99999999999909,84.26,66.37,38.94,19.93,0.05,55.5,25.4,1.44,4216
TR-194,2022-04-15,14.333333333332348,58.03,62.61,21.42,18.86,0.05,46.4,17.6,1.26,4309
TR-194,2022-08-15,14.666666666665606,121.24,46.52,36.29,8.54,0.46,50.6,7.1,6.81,4407
TR-194,2022-12-15,14.999999999998863,131.27,44.29,56.95,12.02,0.7,47.0,25.5,5.74,4530
TR-194,2023-04-15,15.33333333333212,63.46,51.72,37.2,19.38,0.05,45.6,19.8,0.65,4678
TR-194,2023-08-15,15.666666666665378,124.35,71.12,55.33,33.46,0.06,51.1,8.2,0.49,4818
TR-194,2023-12-15,15.999999999998636,87.39,54.35,40.72,41.95,0.05,52.5,21.1,3.9,4905
TR-195,2018-01-15,21.0,91.65,100.92,87.59,58.09,0.05,60.1,28.3,4.43,7550
TR-195,2018-04-15,21.25,118.39,93.3,22.68,26.0,3.43,58.7,23.2,3.23,7628
TR-195,2018-07-15,21.5,198.73,178.97,52.41,27.33,1.51,68.1,4.9,0.24,7758
TR-195,2018-10-15,21.75,229.76,129.47,31.08,42.65,2.6,55.9,12.8,3.16,7817
TR-195,2019-01-15,22.0,103.14,43.54,18.12,47.8,1.56,51.9,26.1,2.57,7915
TR-195,2019-04-15,22.25,160.59,116.29,13.63,30.38,0.05,53.7,22.9,2.64,8038
TR-195,2019-07-15,22.5,71.92,104.41,30.29,18.11,0.48,56.7,8.8,5.33,8079
TR-195,2019-10-15,22.75,161.67,99.6,20.56,22.54,0.27,54.5,9.3,1.57,8215
TR-195,2020-01-15,23.0,100.37,97.4,41.28,54.68,0.05,50.3,25.2,1.07,8307
TR-195,2020-04-15,23.25,181.31,65.28,31.57,21.09,0.4,51.6,23.1,0.35,8405
TR-195,2020-07-15,23.5,86.26,55.71,47.23,12.89,0.05,46.4,8.2,0.16,8474
TR-195,2020-10-15,23.75,136.82,74.64,49.47,14.78,4.57,47.5,12.0,3.54,8574
TR-195,2021-01-15,24.0,142.76,148.55,56.91,25.81,0.05,44.5,25.5,0.38,8679
TR-195,2021-04-15,24.25,69.27,66.55,24.45,49.78,0.98,43.0,21.8,0.52,8718
TR-195,2021-07-15,24.5,142.29,59.25,21.37,12.49,0.34,42.5,9.2,1.35,8820
TR-195,2021-10-15,24.75,239.12,196.81,110.04,22.14,11.32,49.1,12.8,0.72,8933
TR-195,2022-01-15,25.0,219.72,69.3,25.39,36.13,25.6,50.6,24.1,0.53,9032
TR-195,2022-04-15,25.25,139.68,45.22,61.95,16.15,0.05,40.5,23.9,2.61,9096
TR-195,2022-07-15,25.5,198.11,100.75,44.23,43.4,0.19,43.2,11.1,0.59,9192
TR-195,2022-10-15,25.75,100.05,102.32,55.83,23.0,0.88,45.7,9.8,2.68,9310
TR-195,2023-01-15,26.0,146.12,141.23,90.51,7.19,3.58,49.0,26.5,7.77,9384
TR-195,2023-04-15,26.25,125.98,81.58,34.49,18.06,4.59,51.3,24.1,3.45,9489
TR-195,2023-07-15,26.5,110.24,85.24,49.55,18.82,0.22,57.1,8.6,0.84,9572
TR-195,2023-10-15,26.75,164.21,137.38,80.65,27.26,4.78,58.1,13.0,1.46,9684
TR-195,2024-01-15,27.0,149.05,100.09,33.32,20.42,0.05,52.5,25.2,0.96,9774
TR-196,2018-01-15,18.0,173.88,43.28,22.62,63.69,0.05,50.0,26.1,0.22,5483
TR-196,2018-04-15,18.25,154.01,81.89,17.38,17.93,0.05,59.0,22.3,0.74,5568
TR-196,2018-07-15,18.5,106.32,38.88,92.07,11.54,0.67,59.8,7.8,1.36,5643
TR-196,2018-10-15,18.75,127.16,87.27,140.67,12.2,0.96,59.9,12.5,1.37,5746
TR-196,2019-01-15,19.0,68.75,133.21,38.3,21.06,3.57,66.6,23.4,1.52,5866
TR-196,2019-04-15,19.25,103.04,121.85,26.42,11.35,11.52,59.7,20.2,1.06,5910
TR-196,2019-07-15,19.5,119.32,78.91,35.14,19.96,12.99,68.0,8.5,0.97,6050
TR-196,2019-10-15,19.75,184.44,71.8,83.59,26.07,0.05,62.4,10.6,1.13,6105
TR-196,2020-01-15,20.0,91.1,97.49,47.01,7.4,2.09,62.6,23.6,0.41,6226
TR-196,2020-04-15,20.25,185.9,127.36,27.99,17.86,0.05,61.5,19.4,0.45,6284
TR-196,2020-07-15,20.5,118.84,80.44,71.24,29.59,0.28,65.6,7.7,0.46,6423
TR-196,2020-10-15,20.75,133.08,90.62,70.97,27.79,0.05,66.9,11.2,1.21,6502
TR-196,2021-01-15,21.0,78.81,84.02,37.98,25.15,0.23,58.0,25.0,0.11,6596
TR-196,2021-04-15,21.25,99.03,118.66,48.73,33.74,0.05,54.5,22.9,0.97,6658
TR-196,2021-07-15,21.5,126.69,90.79,52.09,3.1,1.66,58.1,11.8,0.22,6757
TR-196,2021-10-15,21.75,186.8,89.82,45.46,14.0,23.25,63.6,10.2,1.21,6821
TR-196,2022-01-15,22.0,135.78,118.22,45.72,16.27,0.05,59.1,23.4,0.1,6959
TR-196,2022-04-15,22.25,166.42,68.87,58.36,23.34,0.07,52.8,25.1,1.44,7023
TR-196,2022-07-15,22.5,107.16,74.3,74.23,26.25,2.19,55.0,8.3,0.89,7100
TR-196,2022-10-15,22.75,108.05,70.14,77.82,19.81,0.05,46.6,10.9,3.41,7200
TR-196,2023-01-15,23.0,103.38,146.3,31.99,37.56,0.05,52.3,24.2,5.66,7310
TR-196,2023-04-15,23.25,186.99,56.08,40.02,41.77,4.5,48.1,25.1,14.52,7378
TR-196,2023-07-15,23.5,142.03,115.89,80.44,13.3,0.62,53.9,7.7,2.88,7494
TR-196,2023-10-15,23.75,116.19,122.16,28.64,41.12,11.25,51.5,12.8,1.36,7575
TR-196,2024-01-15,24.0,150.52,118.14,33.4,24.51,0.05,49.9,26.0,0.22,7655
TR-200,2018-01-15,21.0,207.7,684.36,115.96,85.72,0.05,64.1,23.4,0.33,6984
TR-200,2018-04-15,21.25,178.49,357.33,237.31,113.98,0.36,56.6,20.9,0.47,7077
TR-203,2018-01-15,31.0,151.38,100.88,35.7,35.5,0.05,58.2,27.1,2.7,10326
TR-203,2018-04-15,31.333333333333258,188.98,94.99,15.86,11.33,1.65,47.7,19.5,3.56,10459
TR-203,2018-08-15,31.666666666666515,176.63,157.07,85.71,22.24,5.28,55.6,9.1,1.25,10585
TR-203,2018-12-15,31.999999999999773,173.2,181.95,74.08,52.74,3.56,50.6,24.5,1.55,10708
TR-203,2019-04-15,32.33333333333303,149.83,160.3,111.35,80.37,0.05,50.0,20.4,2.44,10822
TR-203,2019-08-15,32.66666666666629,72.3,70.88,54.96,35.99,0.05,43.6,6.1,0.45,10933
TR-203,2019-12-15,32.999999999999545,146.2,109.81,71.81,91.85,17.66,54.2,24.8,0.46,11050
TR-203,2020-04-15,33.3333333333328,177.37,92.46,32.99,32.33,3.11,45.0,16.1,1.89,11191
TR-203,2020-08-15,33.66666666666606,125.45,113.67,82.58,30.9,0.05,44.3,6.1,0.19,11287
TR-203,2020-12-15,33.99999999999932,208.39,124.36,26.25,37.74,0.05,44.2,25.4,3.86,11427
TR-203,2021-04-15,34.333333333332575,264.25,168.16,31.56,33.68,0.05,46.2,20.0,4.61,11538
TR-203,2021-08-15,34.66666666666583,278.97,124.67,124.33,28.26,15.47,46.8,9.5,2.12,11647
TR-203,2021-12-15,34.99999999999909,140.75,126.32,65.18,43.14,0.78,47.0,25.0,6.67,11778
TR-203,2022-04-15,35.33333333333235,197.49,98.94,45.75,20.77,17.79,48.7,21.2,2.97,11889
TR-203,2022-08-15,35.666666666665606,239.88,193.72,58.01,44.85,0.05,52.3,6.4,1.37,12025
TR-203,2022-12-15,35.99999999999886,249.97,111.04,114.12,23.03,4.34,46.3,25.1,6.92,12157
TR-203,2023-04-15,36.33333333333212,218.54,86.07,105.24,84.81,3.21,61.5,17.9,0.82,12272
TR-203,2023-08-15,36.66666666666538,280.21,283.23,98.11,28.05,0.05,61.3,6.5,9.24,12417
TR-203,2023-12-15,36.999999999998636,251.02,184.96,91.3,64.5,1.49,67.5,25.6,0.42,12516
